Word, TermFreq, DocFreq
abrupt,8,7
better,42,37
flow,46,41
condyle,5,3
specifically,13,12
attempt,28,24
1_,578,557
1x,7,5
2_,512,496
2d,36,24
2x,10,6
3_,360,352
3v,5,4
3x,6,4
4_,258,255
4x,5,4
5_,224,209
5x,21,8
6_,151,150
6x,8,3
7_,134,133
8_,107,105
9_,107,106
temporary,16,13
orchiectomy,5,4
antidepressant,5,4
appetite,30,29
endotracheal,7,4
fobt,16,14
comfortable,6,4
trachea,5,4
_1,11,10
_2,10,9
a_,74,56
aa,11,10
ab,5,4
ac,57,50
ad,19,16
af,72,68
ai,16,14
ak,11,9
ao,14,13
ap,7,6
c3,6,4
fold,6,5
ar,6,5
c5,6,5
c6,5,3
au,31,26
av,27,24
ax,18,6
h1n1,353,352
b_,38,31
bb,5,4
bm,7,6
bp,40,30
bx,11,10
c_,36,33
foot,93,68
ca,78,71
cc,36,26
cm,223,104
co,7,6
cp,23,20
food,36,32
cr,14,11
ct,152,133
cv,6,2
cx,10,9
d_,21,20
db,7,5
dc,15,11
dd,8,3
dl,13,11
dm,87,84
dr,61,50
ds,7,5
dx,39,35
dz,10,7
e_,17,16
ec,65,58
ed,33,28
ef,78,71
er,35,32
es,17,12
f_,14,12
fe,10,9
fh,16,15
fl,10,3
fm,6,5
h2,5,4
fs,22,6
fx,8,7
ge,15,11
gi,118,93
gl,7,6
gm,77,49
go,28,26
form,26,25
h_,7,5
ha,15,10
hd,23,12
hf,14,11
hg,17,16
hh,5,1
hi,12,11
hl,13,12
ho,7,5
hr,98,64
hs,20,13
ht,7,6
hx,218,198
hz,13,6
i_,12,9
ic,6,4
id,27,25
ie,8,6
ii,56,40
ij,10,8
im,16,12
ir,6,4
iv,234,163
l1,6,4
l4,10,6
l5,13,11
jt,7,5
k_,17,16
kg,20,12
m2,18,4
l_,15,10
la,46,36
lb,6,4
le,45,40
lg,7,6
ln,13,5
lp,5,4
lt,22,17
lv,144,103
ma,7,6
md,47,39
mg,738,199
mh,14,13
mi,92,83
ml,245,130
mm,59,51
mn,10,9
mo,9,6
o2,21,16
mr,47,37
ms,20,15
mv,24,9
na,59,38
nf,10,7
ng,30,13
nl,40,15
ns,25,21
o_,5,4
oa,24,23
od,33,29
ok,15,12
op,13,12
os,62,53
ot,12,7
m²,8,2
ou,124,76
oz,15,14
p_,12,10
pa,31,30
pc,5,4
pd,12,7
pe,350,333
pf,6,5
ph,12,9
pm,26,23
po,911,228
pr,13,11
pt,947,488
qd,104,35
r_,11,7
ra,27,26
re,9,8
rm,5,4
rn,12,10
t1,7,6
t2,5,4
rt,62,50
rv,36,32
rx,32,31
s_,204,177
sa,72,64
sb,6,5
sc,144,80
sd,8,3
se,6,5
si,18,16
sl,9,7
sp,8,6
sq,51,38
sr,10,8
ss,5,4
st,47,40
su,21,17
sv,6,5
sw,5,4
sx,35,31
ta,17,15
tb,6,5
tf,9,5
th,34,22
tm,28,27
tr,25,18
tu,13,11
tv,16,14
tx,58,54
u_,14,11
uc,6,5
ud,5,1
ue,13,8
v_,9,6
va,113,90
vn,20,5
x1,20,18
x2,28,27
vp,14,5
x3,14,13
vr,5,4
x4,5,4
vs,52,39
vt,18,14
wf,9,8
wk,56,21
wm,24,22
wt,8,7
x_,74,69
compensation,9,6
xx,6,4
yo,85,83
yr,28,27
inconclusive,6,4
gasping,5,4
conduit,10,6
compensatory,12,7
lesser,5,4
video,8,6
concerning,20,17
free,48,47
·a,5,1
aflutter,25,23
communicate,7,5
previously,90,83
neuropathy,60,47
developed,43,40
views,23,19
raised,6,5
inadequate,12,11
sequelae,6,4
infiltrate,13,12
floor,21,20
50_year_old,17,16
acquired,6,5
full,120,88
appropriately,20,18
hand_outs,13,12
68_year_old,14,13
emphysema,13,12
female,51,50
2013_2014,6,5
locking,7,5
vegetations,8,7
nephrolithiasis,8,6
exploratory,7,6
reporting,17,11
17_2mg,6,5
tablets,38,32
polacrilex,5,4
assist,24,21
pelvis,14,12
pelvic,20,16
femara,8,1
interrogation,10,9
60_65,6,5
labral,5,2
inferolateral,5,3
cellulitis,31,28
accuracy,5,2
chewable,9,8
lesion,176,124
sundays,15,7
accurate,38,37
bronchus,10,6
postop,14,8
fluid,62,56
exhibits,9,7
weekend,5,4
table,12,9
psoas,5,4
flush,9,7
audiogram,11,7
intracranial,6,5
laryngeal,15,13
esophagus,90,73
hypofunction,9,8
ectropion,6,4
training,15,11
nursing,27,23
complaints,44,40
verify,9,8
absent,6,4
polypoid,5,3
complained,7,6
administer,12,10
collections,5,4
portion,29,23
gain,9,8
gait,7,6
visit,71,58
virus,68,67
portal,14,12
gave,31,30
viral,6,5
slight,13,11
addressed,11,10
bloody,10,9
suspected,86,75
explains,5,4
completed,96,81
taken,187,173
takes,27,25
gerd,79,77
gets,6,5
endarterectomy,8,7
asthma,19,17
gentleman,215,210
blocks,9,7
versed,12,11
0_45_,8,4
human,57,32
breath,64,63
breast,20,17
strt_01_28_13,9,1
31_year_old,7,6
secured,35,33
taper,9,4
lesions,75,68
0_4mg,14,13
struggling,7,5
give,141,89
a_fib_,36,34
enzyme,8,5
exclude,8,7
0_5mg,7,6
recurrence,26,25
injured,5,4
hypersensitivity,6,5
retention,63,59
urology,28,17
relatively,18,14
additional,48,45
sliver,5,1
adenosine,6,3
intubation,8,7
instructional,5,4
lupron,6,4
calcific,5,4
tasks,26,14
tarry,5,4
stressors,7,5
gradual,12,10
goal,361,353
good,178,153
picture,6,5
plenty,5,4
gout,29,22
disorientation,10,9
11_2014,6,5
diaphragm,7,5
computerized,7,6
effusions,8,6
atenolol,13,11
platelets,6,3
participated,11,10
jackson,13,3
gram,6,5
describe,7,6
grad,7,4
grew,5,4
physician,71,64
appendicitis,6,3
incarceration,5,4
expr_01_28_13,6,1
acupuncture,6,1
hyperlipidemia,132,128
proximal,48,38
sensorineural,26,20
sounds,12,8
impression,35,33
avulsion,5,3
death,34,33
verified,81,56
olanzapine,21,11
medicine,30,26
lactate,9,5
ptinr,5,1
rotator,22,18
conflicting,5,4
fibrillation,879,870
situation,11,9
source,36,34
degen,5,4
verbal,83,64
polypectomy,70,39
opens,5,4
arrhythmias,12,11
injuries,15,13
decreased,112,82
decrease,63,48
cueing,6,5
clarify,14,13
positioned,6,5
decreasing,10,9
estimate,10,9
deltoid,9,8
apparently,14,12
terazosin,16,14
sampling,5,4
grade,60,53
delay,6,4
tendonitis,6,4
compared,37,34
nodule,53,49
highly,10,8
10_,117,116
11_,108,106
12_,95,93
13_,100,99
14_,91,90
15_,84,83
higher,13,10
16_,70,68
17_,62,61
18_,49,48
19_,46,45
hair,6,5
0_2,10,6
0_3,7,5
0_4,7,6
0_5,17,14
0_6,18,13
0_8,6,4
0_9,5,4
hand,52,44
harm,10,7
hard,10,9
20_,48,47
21_,37,36
22_,32,31
23_,28,27
24_,30,29
25_,31,30
26_,21,20
27_,19,18
28_,12,11
28d,12,1
evaluator,17,9
29_,9,8
1_0,10,9
1_1,29,20
1_2,58,44
1_3,30,27
1_4,17,14
1_5,35,32
1_6,15,13
1_7,18,15
1_8,23,21
1_9,25,15
hbpc,6,5
betadine,10,8
grams,8,7
1mg,34,31
30_,15,14
31_,8,7
graft,71,53
32_,8,7
34_,5,4
35_,5,4
1st,26,24
36_,5,4
dense,6,5
2_0,38,37
2_1,41,28
2_2,50,38
2_3,357,340
2_4,45,24
2_5,232,64
2_6,20,17
2_7,25,17
2_8,22,18
consolidation,5,4
2_9,21,16
exploration,11,9
hctz,5,4
2mg,47,36
40_,14,12
2nd,23,22
2or,10,9
48_,5,4
coronary,233,208
green,6,5
3_0,43,39
3_1,16,13
3_2,19,18
3_3,20,18
3_4,23,21
3_5,35,27
3_6,11,6
3_7,6,4
3_8,15,9
3_9,8,6
great,13,12
evaluated,43,42
achalasia,5,4
3mg,19,16
3ml,5,2
3mm,6,5
50_,30,27
3rd,9,7
55_,5,4
chambers,18,17
storage,5,4
head,54,43
heel,10,8
4_0,16,13
4_1,10,9
4_2,10,9
4_3,8,7
4_5,21,14
4_6,14,13
4_7,9,7
directive,5,4
held,23,20
heme,44,41
help,26,24
4cc,5,4
here,106,101
4fr,5,4
4mg,28,23
4mm,6,5
60_,11,10
62_,5,4
65_,11,10
4th,7,6
canal,23,19
5_0,8,7
5_2,5,4
5_4,5,4
5_5,7,6
5_6,9,5
5_7,10,8
5_9,5,4
suppository,5,3
goal_2_3,13,12
5mg,225,161
5ml,5,4
70_,10,9
derma,5,3
75_,6,4
5th,9,8
6_0,10,8
6_7,7,5
desat,9,2
reactions,10,8
please,140,115
6mg,24,19
80_,7,6
coping,18,16
educational,47,43
satisfaction,5,4
modified,9,8
7_0,8,3
7_4,6,4
7_5,102,23
7_7,6,5
membrane,5,4
90_,7,6
opted,16,15
95_,5,4
optic,11,8
high,221,196
8_9,5,4
confirm,13,10
assess,84,57
8mg,21,17
9_2,5,4
fellow,5,4
combination,13,12
hydration,15,14
49_year_old,5,4
directions,40,39
circulation,9,8
quality,52,46
senile,18,16
creatinine,26,22
landmarks,17,16
ischemia,64,58
ischemic,166,162
pursuing,5,4
effects,131,109
clogged,7,4
months,183,154
_chest,5,4
considerable,6,5
partially,7,6
satisfactory,9,8
evidenced,7,6
hyperdynamic,6,5
qid_insu_supp,24,23
analysis,18,17
groin,50,40
cause,37,31
actions,6,5
formulary,20,13
hocm,5,4
group,30,25
gross,36,34
sessile,35,25
hold,150,99
session,35,24
monitor,53,48
home,155,107
hole,5,3
guaifenesin,7,6
hour,36,35
neoplasia,5,4
neoplasms,5,4
aspirated,16,13
dabigatran,9,4
semi_rigid,7,6
recommendation,22,21
hr_0,12,10
actinic,16,15
indwelling,84,76
women,6,2
woman,13,11
outlined,13,11
puffs,22,17
highest,5,4
duodenitis,6,4
lasting,6,5
fem_fem,11,10
elderly,8,7
pounds,10,9
refractive,11,9
intermediate,8,7
acetate,7,6
ability,52,39
overweight,6,5
residuals,5,3
inspiratory,5,3
mylanta,15,10
appearing,19,18
nephropathy,6,4
hallux,5,3
functional,179,171
lifetime,7,6
worse,40,38
dietary,17,15
postoperatively,8,7
non_specific,5,4
works,7,6
0_125mg,12,11
pulse,26,23
episode,65,63
ventricular,380,214
wound,59,45
promote,5,3
guaiac,5,4
initial,64,57
alginate,9,8
radiculopathy,25,22
transfused,5,3
necrosis,9,8
glucagon,5,4
tongue,10,7
punch,6,5
divorced,5,4
cortex,9,6
retroperitoneal,15,9
peroneal,19,10
8_6mg,25,24
necrotic,8,7
direct,26,22
handouts,13,8
i_e_,13,9
pupil,7,4
flight,7,4
fem_pop,15,14
pre_evaluation,8,7
answering,22,21
knowledge,6,3
series,20,18
thickness,36,33
puree,13,12
normalized,58,57
serial,5,4
muscles,10,8
complications,129,121
participation,8,6
apical,36,28
transcutaneous,8,7
consumption,31,30
eligible,16,12
pneumothorax,22,18
battery,11,10
occurred,20,16
borderline,31,26
transported,6,4
includes,11,10
included,29,25
least,38,36
learn,7,6
leave,37,34
narrow,8,7
leads,10,8
receiving,17,16
5mg_5ml,6,4
arrest,12,11
systems,12,11
reluctant,5,4
hypoxia,11,9
cleared,18,17
focus,12,11
changing,9,8
particularly,10,9
moderately,42,38
dulcolax,6,5
lithium,10,4
clearly,10,9
focal,25,23
787_2,7,6
2_5mg_2_5ml,6,3
5mg_1ml,5,4
epinephrine,20,17
arrive,8,7
invasive,14,13
sunday,8,7
v58_61,10,9
inhouse,8,4
sequencing,6,3
afebrile,6,5
available,67,64
leaflet,16,11
azithromycin,9,6
imed,6,5
minor,7,6
systole,9,8
dilations,6,5
inch,6,5
legal,5,4
info,11,10
physiologic,5,3
inhl,97,38
perforated,7,6
apixaban,10,5
inpt,7,4
inrs,5,3
penile,5,4
cleaned,11,10
pericardium,6,5
release,19,15
cannabis,6,5
_19,5,4
_31,5,1
pericardial,57,53
levels,38,29
origin,20,17
11_25mg,5,4
cravings,8,4
cyanocobalamin,5,4
folic,12,10
foley,25,21
impressions,23,20
audiological,5,4
500mg,31,26
a1c,13,11
_on,8,3
_to,5,4
iraq,7,6
infection,179,169
prescribe,8,7
iron,85,68
machine,26,25
b12,117,109
implanted,11,9
aaa,27,24
aam,13,12
abd,29,24
abi,10,5
abn,5,4
abx,20,18
acl,6,4
acs,8,7
add,9,8
adl,7,4
adr,5,4
age,143,137
ago,156,138
ahi,8,7
aid,71,54
air,21,18
aki,7,3
ali,6,4
alt,13,9
amd,9,8
aod,10,3
foods,17,14
aov,5,4
app,5,4
apr,9,7
arf,12,10
arm,38,33
asa,40,35
ask,70,69
ast,5,4
aug,5,3
avb,6,5
avf,8,7
avg,20,14
avm,6,5
avr,127,124
exercise,47,35
morbid,9,8
bad,9,8
bag,29,24
bay,9,2
bcc,14,12
bcg,10,9
bed,19,12
podiatry,6,5
bid,330,163
bil,11,6
bit,8,7
biv,5,4
bka,8,4
prefers,8,7
bmi,51,50
bpg,8,6
bph,19,18
bpm,57,30
essentially,13,11
brc,5,3
d5w,12,8
bte,14,12
bun,7,6
sparingly,11,10
c_p,11,10
c_s,5,3
ca_,5,4
cab,6,4
cad,205,195
cap,226,133
car,9,7
cat,11,8
cbd,8,7
cbc,26,21
cbg,43,42
cc_,5,3
spontaneous,9,8
ccs,7,5
cea,15,14
cfa,6,5
chb,7,6
cha,8,7
chf,133,127
cic,7,6
cis,6,3
ckd,38,33
cm2,6,3
order,127,104
cll,7,4
cm_,37,26
cmm,11,1
cmp,11,10
cpc,7,6
parenchymal,5,4
crc,48,46
crf,5,4
cri,6,5
csf,7,4
fullness,5,4
cts,6,5
cut,10,7
cva,312,304
cvp,12,11
cxr,22,19
day,278,195
dbs,5,1
declining,5,4
ddd,6,5
ivpb,42,32
dec,8,7
def,32,30
blepharitis,7,6
ivsd,9,8
des,6,5
dfe,16,11
impact,10,9
dif,5,1
dis,5,4
djd,57,51
dm2,7,6
dme,17,16
dob,9,8
doe,15,13
don,7,5
dpa,5,2
dr_,159,135
dre,6,5
dry,42,39
due,282,241
dvt,669,627
ear,103,59
eat,55,54
ecg,21,19
edv,10,2
egd,58,51
ekg,43,36
emg,13,11
end,38,33
ent,30,25
epi,7,6
epn,14,8
eri,18,16
est,11,10
etc,47,41
ett,14,11
eus,8,7
exp,13,12
ext,8,7
eye,159,109
septum,21,19
far,11,10
fat,12,11
fax,12,9
bronchitis,13,12
feb,20,16
fem,7,5
candidate,62,56
fhx,6,5
deformity,13,11
fib,270,267
fit,25,23
fna,12,10
h2o,5,3
fri,44,43
fvc,5,3
mixed,38,34
fxn,5,4
gaf,5,4
gas,18,17
gdr,6,4
force,5,3
gel,7,6
gen,6,5
get,38,33
gfr,7,6
gib,7,6
intent,5,4
intend,8,7
glc,6,4
pigmented,6,4
got,13,10
82_year_old,9,8
radicular,14,11
gtt,6,4
gxt,5,4
found,277,195
h_p,24,23
hak,6,3
weight,87,73
impingement,12,9
hcl,46,41
hct,10,9
hcs,6,1
hcv,16,14
hem,5,4
hep,16,15
hgb,19,17
goal_directed,5,4
hip,73,55
hit,9,7
hiv,17,15
hld,13,12
hlp,7,6
hot,7,5
how,17,15
hpv,6,5
hrs,23,18
htn,193,189
ibd,7,6
ibs,6,4
ica,15,8
icd,31,26
icm,5,4
icu,13,10
ida,9,7
iia,5,4
isolated,16,14
iii,30,22
ill,37,36
inj,385,135
inr,1308,607
iol,5,4
iop,15,11
ite,10,9
ivc,33,31
ivp,83,67
ivs,9,8
jan,19,16
jar,9,3
jaw,8,7
letter,13,9
jet,5,4
distance,9,8
job,17,10
insufficiency,62,51
jul,12,9
jun,6,4
detachment,9,8
level,122,105
consents,16,15
kcl,6,3
intake,34,29
key,9,7
kit,6,5
intact,70,58
kub,5,4
lab,207,92
laa,6,5
lad,26,21
lae,6,5
lap,6,5
lbp,15,14
cardiopulmonary,9,8
ldl,16,14
led,5,4
lee,11,9
leg,86,72
ler,5,4
lid,12,9
lip,17,13
lle,34,31
lll,5,4
llq,5,4
lot,23,20
low,209,193
lpn,7,6
lt_,5,4
lue,9,7
fitting,32,27
lul,8,7
lvh,15,14
displaced,5,4
zoster,30,29
m_f,22,7
mac,9,8
mao,11,10
man,110,109
mar,10,7
max,30,28
mbs,8,6
mca,7,5
mcg,21,18
mci,9,7
mcl,5,4
mcv,6,5
md_,7,5
mdd,9,6
mds,11,9
med,42,32
meq,7,6
met,16,15
mg_,14,9
mgm,5,4
min,56,35
mix,8,6
lozenge,14,8
associated,70,58
mls,5,4
mm_,10,7
bicarb,6,5
mod,19,13
mon,50,47
mpi,6,5
vascularity,7,5
mr_,268,194
mri,57,51
ms_,13,10
msa,7,5
mtx,5,2
mva,12,9
mvr,51,49
mwf,46,21
complexes,6,3
ncs,11,5
nec,6,5
neg,17,13
new,179,157
non,21,19
not,947,678
nos,29,19
nov,9,8
now,178,163
nph,17,11
npo,109,55
container,6,5
nsc,6,5
nsr,17,16
nte,6,5
burden,8,6
obs,5,4
oct,44,14
stop_02_10_13,6,1
oil,7,5
okc,10,1
old,225,216
onc,8,5
q1h,23,20
smoker,28,25
oph,19,12
q2h,22,21
q3h,19,17
q4h,58,50
562_10,21,19
osa,20,18
osh,7,5
otc,12,10
q6h,94,71
q8h,31,27
own,23,20
pad,17,16
pac,6,3
paf,11,9
pan,6,5
pap,5,4
pat,5,1
pca,17,9
pci,21,17
pcp,47,41
pco,6,5
pda,6,5
peg,8,7
pen,9,8
pet,10,9
pes,11,9
pfo,6,5
clinical,81,73
plt,6,5
pmh,17,16
po2,8,6
pna,18,14
pod,12,9
poc,16,3
pop,8,6
pot,5,1
pos,16,15
ppd,11,9
ppi,13,12
ppm,9,5
ppt,8,7
ppx,5,4
pre,29,25
pro,7,6
prn,391,164
psa,78,68
psc,7,6
psv,8,2
pt_,119,64
pta,6,3
pts,5,3
ptx,5,4
pud,6,5
put,16,14
pus,11,8
pvc,10,7
pvd,68,66
qam,84,59
qd_,21,9
anticipated,71,66
qhs,43,26
qid,35,29
agents,12,8
confused,5,3
qpm,31,25
qrs,16,13
qty,29,4
ran,5,4
ray,8,7
rca,10,8
rct,5,4
red,25,19
rec,12,10
rem,7,6
rfa,6,4
rib,14,9
ric,5,4
rim,6,4
rle,17,16
rll,6,5
rlq,8,7
delusional,5,4
rom,9,8
row,23,22
suggested,12,11
rrp,5,4
rrr,5,4
rtc,40,31
rtl,13,10
rtu,8,7
rue,5,4
rul,9,7
run,10,7
ruq,7,6
rvd,5,2
rvr,15,14
plaques,5,3
sac,11,7
sat,56,53
saw,11,10
sbp,35,28
scc,26,16
sci,8,4
scr,8,7
sct,5,2
sec,19,15
see,167,150
sep,14,11
set,9,7
sfa,6,5
sig,83,23
sit,5,3
sle,5,4
sll,5,2
slp,5,4
slt,14,12
snf,6,2
sob,42,39
sod,5,4
sol,14,12
son,18,14
ssn,16,15
sss,13,11
st_,42,40
sub,5,4
sun,49,42
svc,6,4
792_1,9,8
svg,5,3
long_standing,5,4
svt,7,4
sxs,24,14
tab,721,200
tap,5,4
tbi,15,11
tcc,8,6
smooth,5,4
tdc,5,2
tdd,35,34
tea,5,3
tee,18,15
tha,5,4
tia,116,113
tid,71,57
tip,16,12
tka,8,7
toe,29,25
top,86,42
too,20,18
tox,6,4
tpn,12,11
academic,5,3
try,23,20
tsh,6,5
tte,8,6
tth,10,2
tts,6,5
tue,26,23
two,115,107
required,36,35
requires,27,25
laterally,6,5
ues,9,4
ugi,10,9
synovial,5,4
electrical,5,4
specimens,13,12
uri,7,6
use,303,226
uti,27,26
ortho,11,8
tubing,38,22
val,9,4
vel,5,3
vet,134,66
1mg_1vial,5,4
vha,6,5
empiric,6,5
vit,12,8
vis,91,49
private,13,12
vol,5,2
environment,8,7
slightly,42,39
thursdays,5,2
vs_,23,16
vte,22,20
vti,12,7
ideation,12,11
way,11,9
wax,5,4
wbc,12,10
wed,37,31
wet,11,10
why,8,7
outlet,8,7
wks,12,10
wnl,24,19
ferrous,10,9
questionnaire,12,10
judged,9,8
xrt,13,11
marginal,8,6
accident,14,13
yes,426,212
63_year_old,28,27
magnesium,31,28
yrs,16,15
resolution,8,7
prolene,5,3
volumes,9,8
nicotine,27,22
output,38,35
john,8,7
elbow,11,7
referring,7,6
jose,5,4
assessed,9,8
cordis,5,4
besylate,7,6
motivation,27,21
advised,39,35
l3_4,5,4
cardiologist,8,7
diphenhydramine,9,8
l4_5,8,6
malnutrition,8,7
visible,13,12
os_od,6,5
essential,12,11
vessel,33,29
awareness,5,4
gastritis,12,11
sepsis,27,25
continue,149,122
hyperthyroidism,7,6
telephone_x,10,1
jude,39,38
july,21,18
trying,8,7
emotional,19,16
june,22,20
septal,28,23
primarily,12,11
just,43,36
pre_meal,39,38
summer,5,4
septic,23,21
ringers,23,11
lightheadedness,7,6
throat,22,16
calcified,15,14
increased,117,93
increases,8,7
arthropathy,8,6
suicidal,15,13
44_year_old,7,6
infrarenal,12,6
memory,95,52
bright,8,7
retrieval,9,6
trichiasis,5,3
paraplegia,5,4
numbers,7,6
ileocecal,6,5
saturation,7,6
set_up,5,4
effectively,9,8
language,28,22
tears,6,5
hemoglobin,19,17
sitting,10,9
bridge,5,4
calcification,28,23
narcotics,7,6
yesterday,21,20
thrombophlebitis,6,5
post_operative,12,9
unspecified,32,26
nodes,17,13
international,55,54
orbital,7,5
gallstone,8,6
admission,54,46
gastric,52,43
guard,5,4
teeth,11,8
fundus,17,15
perforation,34,31
noise,15,12
kcal,5,3
kcva,18,12
nausea,78,75
tramadol,10,9
osteomyelitis,21,16
dimensions,19,15
clonazepam,8,4
undocumented,5,4
keep,21,20
random,6,5
somnolence,8,7
compliant,8,7
allowing,5,4
interested,17,14
receive,11,10
receipt,6,4
consider,37,29
requirements,14,8
dependent,36,32
briefly,11,10
nephrectomy,11,9
sacral,7,6
self_monitoring,9,6
kind,5,4
tense,7,6
guide,13,9
incisional,11,9
dopamine,7,3
supine,20,15
sleepiness,15,11
ectopy,12,9
measurement,46,41
notes,39,34
tests,81,80
noted,248,205
progressive,37,34
progression,17,16
skills,31,26
aphasia,6,5
hstmvh,5,4
knee,174,126
know,18,16
terms,13,12
course,39,33
security,33,31
tympanic,5,4
wrist,25,18
strongly,5,3
automatic,5,4
bradycardia,43,42
paradoxical,6,5
nitroglycerin,14,11
powder,42,38
diminished,14,11
76_year_old,12,11
correction,9,7
somewhat,16,15
client,8,3
_2d__diastole,5,4
biliary,12,10
extreme,6,5
regular,62,43
orientation,12,11
supply,13,8
maxillary,10,9
unable,72,68
center,22,21
consultation,19,15
ciprofloxacin,9,8
glands,5,3
diary,8,7
dealing,5,4
pre_procedure,40,34
ordering,10,6
appendage,10,6
undersigned,5,3
_will,7,5
reevaluation,5,4
peptic,16,13
bronchoscopy,11,9
complaining,23,22
september,12,10
population,6,4
astigmatism,25,22
pneumonia,52,48
currently,100,91
couple,12,11
cultures,16,15
57_year_old,18,17
mother,19,17
nissen,5,3
artery,212,174
digit,6,4
counts,5,4
motion,86,73
empty,5,4
question,18,17
worked,9,8
workup,24,22
cecal,11,9
cecum,29,25
bacteremia,25,21
malignant,80,77
abscesses,6,5
audiology,8,7
perfusion,20,17
10mg_0_5ml,5,4
lack,24,21
labs,40,38
native,21,19
laid,6,5
pulses,6,5
late,18,17
confirmed,27,26
cervical,53,38
revealing,11,9
surveillance,178,165
repaired,13,11
plateau,6,4
melena,38,35
leak,22,16
lead,25,17
legs,27,26
left,1239,761
lens,16,13
worsen,5,4
employed,5,4
lesi,10,5
1_anticoagulation,55,54
antipsychotic,9,4
importance,21,17
lfts,5,4
cells,11,8
ineffective,7,5
reversible,8,7
relaxation,14,13
desaturation,5,4
thickening,20,19
eyelid,8,4
life,43,38
proposed,8,7
line,79,61
limb,20,14
lima,5,4
list,83,71
live,6,5
giving,6,5
oropharynx,8,7
mostly,6,5
abnormalities,69,63
positive,258,249
position,54,50
_acute,6,5
holding,14,12
qdaily,33,14
disorder,145,111
fresh,7,3
nature,31,30
diverticulitis,24,21
otoscopy,27,26
polyneuropathy,5,4
scarring,13,10
fentanyl,31,24
linville,14,1
upcoming,10,9
lobe,66,46
motivated,25,24
5_10mg,11,10
dependant,10,7
long,91,85
loop,8,7
contraindication,9,8
loss,214,177
lost,16,15
neuroforaminal,5,3
loud,5,4
disorders,24,19
enema,9,6
pacemaker,59,57
vocal,20,16
basis,19,17
basic,10,9
dislocation,11,10
1_diabetes,5,4
analgesia,29,21
dyspnea,58,55
based,93,70
basal,31,27
pregnant,5,3
handed,5,4
surrogate,17,9
axilla,5,3
important,14,12
front,10,7
plastic,11,10
luke,5,3
preprocedure,6,5
lung,102,85
comfort,15,14
luts,8,6
lvef,26,22
lvot,17,15
refractory,14,12
lvpw,8,7
hypotensive,5,4
patella,5,4
thrombocytopenia,9,8
long_term,16,14
hypotension,27,24
appendectomy,6,5
voice,32,28
settings,5,3
nearly,7,6
patency,7,6
mckennie,5,1
support,48,45
20_20_,5,4
5_15mg,10,9
midnight,14,13
people,7,6
pulled,7,5
distal,74,68
cgvamc,5,4
movement,16,15
hampton,5,2
m_d_,19,18
priapism,6,5
symptomatology,5,4
sphincter,6,4
neurogenic,54,53
steroid,16,12
remained,24,22
made,107,99
mail,10,9
main,16,15
intensive,6,4
make,40,37
intensity,31,28
pretreatment,6,3
released,7,3
male,549,543
mand,5,4
needed,71,64
mass,159,135
mask,8,6
mark,5,4
configuration,10,9
mealtime,40,39
severe,278,233
sternal,7,4
joseph,6,5
needle,48,36
erythematous,5,4
simvastatin,48,44
addition,24,22
leukocytosis,14,13
entry,13,8
antipsychotics,5,4
breakthrough,14,13
previous,181,169
bladder,232,179
scale,70,62
scalp,7,6
neurological,8,7
discussion,63,61
discussing,14,13
mdrd,5,4
incontinence,20,16
7_5mg,61,54
mech,10,9
paracentesis,8,7
meal,26,20
mean,13,12
meds,215,126
arteriovenous,7,4
meet,31,28
impedance,5,2
menu,6,5
mesh,6,2
mets,15,14
anemic,8,7
anemia,216,207
ocular,10,6
hemoptysis,10,9
pre_morbid,5,3
facilitator,12,11
entrapment,5,3
discontinuation,8,7
occupational,13,12
low_grade,5,4
8_10_10,16,15
medical,204,179
mild,432,280
milk,8,7
relative,27,25
mins,6,5
mini,6,4
min_,11,9
miss,8,7
polysubstance,5,4
amputation,20,15
furosemide,34,29
transportation,24,9
three_vessel,6,5
relating,5,4
outpt,9,6
ultimately,8,6
loperamide,5,4
speaking,6,5
incarcerated,6,5
superior,19,17
engaged,13,11
unclear,20,19
vessels,17,12
mmhg,64,31
light,24,19
account,7,6
receptive,13,11
extremities,14,13
mngt,8,3
psychiatry,11,7
score,65,56
scope,15,13
shoulders,6,5
tendency,8,7
mode,11,9
mohs,19,9
mood,92,74
move,13,10
prednisone,29,21
thrombocytosis,5,3
quetiapine,21,13
november,21,18
forward,10,8
mrsa,13,12
canthus,5,2
ovale,5,3
assessment,105,70
lines,7,6
liner,9,8
postherpetic,5,4
visualize,9,7
relieve,6,4
mssa,9,3
factor,38,34
alkaline,5,2
age_related,7,6
tolerance,21,20
piperacillin,16,8
fistula,30,23
screw,7,4
additionally,15,13
returned,13,12
muga,7,4
lipid,6,5
ulcer,79,68
esophagitis,20,19
syncope,54,50
cramps,5,4
potential,115,107
reexcision,6,4
coordinator,5,3
bedtime,149,94
71_year_old,13,12
targetted,38,37
overt,19,18
401_9,11,10
5_2013,6,5
400mg,15,13
nearest,6,5
wednesdays,5,2
obesity,36,34
person,46,39
asymptomatic,38,36
thank,17,16
peg_3350_electrolytes,5,4
allergic,21,20
prolapse,12,10
uncontrolled,18,16
albumin,9,8
conduction,8,6
brachial,13,8
substantial,6,5
paranoid,7,6
moving,6,4
historical,14,13
rehabilitation,20,15
palpable,14,13
nonspecific,6,5
wounds,9,7
lives,12,11
liver,81,64
spurring,7,2
miconazole,10,8
blurry,9,8
survey,7,6
there,459,262
leukopenia,6,5
material,30,21
orifice,11,7
defect,31,24
sinusitis,15,13
nacl,6,3
ulnar,20,14
leakage,5,4
52_year_old,12,11
hematemesis,18,16
name,62,52
localized,10,8
nash,6,5
facial,12,9
frequency,24,21
james,8,7
multivitamins,10,8
hysterectomy,5,4
protection,17,16
think,10,7
thigh,21,18
trochanteric,5,4
thick,11,6
diabetics,5,4
blockers,7,4
time_out,8,7
neck,93,80
evidence,153,128
need,195,162
next,52,46
neuroapthy,5,2
outside,47,45
suggestion,5,4
suggestive,31,29
suggesting,11,9
attentional,8,7
sarcoidosis,7,5
trigger,18,14
nice,5,4
sweating,6,4
excellent,23,21
sulfamethoxazole,8,6
questionable,14,13
indicate,16,13
feeding,32,17
milrinone,7,3
hematology,7,5
aspects,5,4
antiseptic,5,4
echogenicity,5,3
stiffness,9,8
atelectasis,12,11
retinal,30,25
legally,10,9
becomes,5,4
cocaine,17,13
readmitted,8,6
a_fib,290,287
evacuation,8,6
hypothyroidism,19,18
immittance,5,4
noah,5,3
node,18,15
numbness,30,26
noon,15,13
minimum,9,8
note,150,132
nose,14,13
slowed,5,4
exceed,16,15
service,49,45
period,29,28
slowly,15,14
burning,7,6
minimal,110,105
subtherapeutic,15,10
conclusions,8,7
thurs,13,12
intolerant,7,6
thumb,12,8
ampicillin,6,4
performance,41,25
instability,10,9
tolerated,94,92
clinic,226,191
nsvt,6,4
deemed,7,6
bedside,15,14
553_3,9,8
esophageal,94,77
obtaining,18,13
snoring,20,18
obstructive,61,57
explaining,6,5
arthroplasty,23,17
_patient,12,7
purposes,8,7
lights,7,4
infiltrated,5,4
infiltrates,9,8
entirely,6,4
chart,42,39
chain,6,2
chair,8,6
chads,16,15
nyha,6,5
obstruction,98,94
obstructing,5,3
calculated,7,6
tibia,8,7
etiologies,7,5
nectar,7,5
fissure,5,3
tendinitis,5,4
nsaid,14,10
check,94,88
cheek,14,9
tidwm,23,17
medications,151,121
chest,487,439
involved,22,21
chemo,9,8
agreeable,22,20
polyethylene,33,30
occluded,25,20
exposure,12,11
myeloma,8,7
child,10,8
varicella,14,13
stricture,40,33
chief,6,5
contributing,10,9
regurgitation,157,81
struggle,6,4
thursday,11,10
endocarditis,25,24
tight,7,6
cholecystitis,8,7
unchanged,17,16
sterile,51,34
inattention,6,4
collapse,10,9
affect,28,27
model,5,4
viewed,9,7
mental,60,42
recheck,47,17
airway,32,25
responsive,5,4
bothering,5,4
40_80,15,14
40_45,5,4
times,60,52
margins,13,11
preoperative,52,47
progress,20,17
seems,37,26
ohio,5,3
hemorrhoids,62,55
chose,9,8
protime,6,5
tinea,5,4
triggered,5,4
oint,16,13
mandible,7,4
sublingual,5,4
myofascial,10,9
earlier,23,18
saphenous,9,7
itching,11,9
cessation,13,12
11_18_08,7,6
mononitrate,7,5
echocardiogram,49,46
pureed,5,4
vigilance,5,2
vocational,24,12
q12h,52,47
unusual,18,17
molds,9,8
q24h,8,6
raise,5,4
resistant,8,7
paperwork,10,9
month,125,112
usually,16,14
senna,27,26
open,65,60
fully,21,17
periodontal,9,6
edwards,6,5
oral,366,191
orif,5,4
learning,22,15
instrumental,5,4
sexual,9,7
q72h,5,3
46_year_old,8,7
intraocular,8,7
serum,17,13
appears,162,114
palpitations,23,21
dysplasia,22,20
moved,6,5
uncle,6,5
tender,6,5
protein,26,21
mouth,82,43
affecting,11,10
angina,89,84
nephrostomy,9,5
venlafaxine,10,8
gluteal,5,3
motor,31,24
sensitivity,14,10
range,242,184
neuropsychological,23,18
tendon,10,9
420mg,6,5
microscopic,15,13
ascending,36,33
rapid,15,13
suture,8,6
keratoses,15,14
revision,19,15
569_3,5,4
rates,7,6
tachycardia,21,19
paroxetine,5,4
units,148,81
irrigated,6,4
oxide,11,10
definite,7,6
strengths,6,4
ratio,71,67
removal,75,68
sprinkle,6,5
fusion,16,13
removed,163,113
estimated,113,95
p_o_,12,7
pre_operative,7,6
pre_op,34,33
scores,22,14
27_year_old,5,4
scored,10,5
compromise,8,6
lorazepam,18,15
bacterial,8,7
maalox,18,13
pa_c,6,5
pacs,6,5
pacu,6,5
pack,6,5
refused,10,9
refuses,5,4
pads,9,8
pain,1412,1186
dialysis,40,32
55_60,5,4
part,32,27
path,7,6
pasp,6,5
prophylaxis,1617,1557
strategies,26,20
appear,80,69
beats,12,9
fluctuance,5,3
variable,13,9
temple,8,6
overload,9,7
binaural,26,22
·screening,7,5
radiating,11,9
laparotomy,8,7
radiation,44,37
peak,31,23
requiring,45,44
rarely,6,5
fevers,10,9
peir,11,10
began,17,14
303_91,6,5
designated,16,15
vancomycin,33,23
together,6,5
recieve,5,4
phenytoin,7,4
programs,8,6
barrett,53,45
pressures,21,18
non_va,6,5
valsalva,6,5
parkinsonism,5,3
unstable,32,31
i_med,6,4
begin,6,5
phos,5,4
coherent,9,8
encouraged,22,18
pick,7,6
picc,21,16
dysuria,6,5
pill,6,5
cipro,8,7
syndrome,150,144
lidocaine,64,57
pacing,16,10
finally,8,7
oropharyngeal,20,19
relationship,10,8
cortical,15,14
irritability,5,4
omeprazole,58,56
packet,33,28
instructions,68,62
packed,7,5
sagittal,8,6
below,91,84
plan,107,93
recommended,97,75
freely,13,12
10_11_2013,13,1
continues,48,42
continued,93,71
continual,5,4
pmhx,6,5
buprenorphine,5,1
spectral,7,6
discontinue,5,4
pole,14,10
differential,9,8
poly,5,2
poor,86,77
post,200,174
poss,7,6
visually,38,37
discontinued,16,10
immunization,24,22
expressed,27,26
mellitus,36,32
84_year_old,8,7
cardiac,113,96
2_0_3_0,95,94
prev,5,4
prep,59,44
pre_,6,5
overall,41,39
prox,6,4
evaluate,152,139
anti_acids,11,10
blurred,8,7
ptca,5,4
ptfe,5,3
ptsd,62,50
organization,12,11
otherwise,39,38
one_half,16,9
puff,6,5
sonographer,6,5
pump,9,6
pulm,7,6
pure,10,6
inability,23,18
push,6,5
salicylate,6,4
pvcs,12,11
restriction,6,5
neobladder,5,2
mild_moderate,5,4
dobutamine,13,5
pwdr,21,19
evening,9,8
experiences,11,9
specialist,7,6
experienced,15,14
bioprosthetic,16,14
pwtd,7,6
assistance,25,21
proscar,8,6
likelihood,6,5
agitation,36,28
getting,25,24
supervision,10,9
supervising,6,4
adenoma,31,29
satisfied,13,12
secondary,125,118
provider,63,56
provides,5,4
returning,10,9
duration,137,132
olecranon,8,6
revealed,108,95
monitoring,86,81
headache,26,23
patterns,9,8
careful,7,6
supplementation,5,4
surrounding,13,11
readings,5,4
euthymic,11,10
dominant,17,16
difference,8,6
redness,8,5
stools,78,71
foraminal,14,8
myocardial,32,29
junction,37,29
safety,29,24
error,27,26
frontal,10,9
overnight,7,6
stones,29,24
degree,38,36
clozapine,5,3
outcomes,28,27
cooperative,21,20
cooperation,5,4
qday,50,38
intimidate,8,7
symptomatic,64,60
assigned,9,5
qeve,26,20
screening,504,464
g_tube,10,4
segment,20,17
divalproex,6,5
pseudophakia,10,9
fibula,5,3
demonstrating,13,12
immediate,26,24
65_year_old,18,17
demonstrated,67,62
demonstrates,12,10
electronic,5,4
negatively,5,4
transferred,19,18
conditions,25,24
daytime,13,10
potentially,7,6
unavailable,17,16
banding,7,5
nurse,48,40
immediately,13,11
screen,70,63
decompensation,6,5
provoke,8,7
indications,67,66
presyncope,5,4
repeatedly,5,4
migraine,12,10
reached,9,8
antimicrobial,8,6
mariner,6,1
experiencing,28,23
description,11,10
daughter,16,11
treatments,10,8
fatigue,14,12
different,12,10
feedback,6,5
approved,64,61
approval,14,13
respectively,6,5
quit,10,9
menthol,6,4
provide,22,19
mention,10,7
sigmoidoscopy,18,17
multifactorial,9,7
doesn,9,8
mechanism,6,4
research,9,7
delivery,6,5
ectatic,7,6
recreation,11,10
rising,9,8
cramping,5,3
transit,8,7
lithotripsy,6,5
collection,19,17
diarrhea,85,74
5000unit_1ml,19,18
defects,8,7
infected,15,12
future,30,28
pantoprazole,18,13
strength,56,53
delegated,6,5
treating,7,6
abuse,84,78
retained,10,9
symmetrical,5,4
clearance,31,28
kinks,15,14
doing,35,33
enlargement,37,33
78_year_old,12,11
transitional,14,11
300mg,19,15
jelly,11,10
high_grade,5,3
100unit,6,4
services,58,50
x_rays,16,15
unknown,34,32
dimensional,5,4
pravastatin,7,6
cardiovascular,7,6
insertion,29,23
shade,6,4
shape,7,6
sharp,7,6
secretions,6,4
lymphadenopathy,24,20
race,5,2
contribute,7,6
caregiver,13,10
rare,10,6
profound,10,8
rate,68,53
rash,13,11
rass,5,4
asymmetrical,8,7
rbbb,8,7
closed,37,33
rbcs,7,5
concrete,6,4
approach,11,10
needing,5,4
values,21,18
approximately,107,93
tracheostomy,9,7
thorough,6,5
finding,15,11
shave,7,5
epidural,13,7
greenfield,16,15
rdvt,5,4
triamcinolone,5,4
shell,7,6
rear,7,6
read,9,8
redo,7,6
reason,105,102
refr,16,14
doses,68,63
rely,5,3
ptosis,6,4
rest,40,38
resp,12,10
opioid,11,8
upper,162,137
especially,16,13
gotten,7,6
interfere,22,21
rather,20,17
diverticulosis,53,50
ring,13,11
shift,8,7
detailed,15,13
risk,377,318
rise,11,9
anticholinergic,5,4
valves,42,34
sedated,6,5
tubular,11,10
method,10,9
realistic,5,4
explanation,39,36
2014_2015,6,5
variceal,7,5
environments,11,10
verification,9,8
boluses,6,5
electrodiagnostic,7,6
pulling,6,4
prominent,13,11
cholelithiasis,17,16
hypercoagulable,14,13
mastication,9,8
display,8,6
defibrillator,15,14
rnfl,9,6
successful,19,18
roes,10,8
role,8,7
root,58,54
room,124,102
colonoscope,7,4
colonoscopy,182,156
short,26,25
consistency,10,9
59_year_old,18,17
shows,55,52
shown,15,14
shock,23,19
shoes,7,6
stream,14,12
adjustments,10,9
adenopathy,15,14
bronchial,5,2
community,10,8
malleolus,6,3
od_20_20,15,14
clonidine,5,4
strain,7,6
likely,150,124
disposition,5,4
reading,14,12
guided,8,7
osseous,5,3
preoperatively,20,19
strict,5,4
visualized,54,42
rule,86,80
stenosis,211,154
pre_malignancy,6,4
contraindications,27,25
bottles,5,4
axonal,6,4
stress,99,89
rvsp,6,5
shunt,13,8
bicarbonate,11,5
450mg,7,4
epiglottic,5,4
1000mcg,8,5
signal,9,7
signed,72,70
glipizide,11,10
ondansetron,25,24
aspirin,67,57
imaging,58,53
involving,28,25
acute,201,189
453_8,10,9
approx,11,10
earmold,10,8
class,21,19
12_2013,6,4
prolonged,17,16
efforts,7,6
obtuse,5,3
anemia_chronic,5,4
455_0,11,9
455_3,6,5
455_6,14,12
clear,86,78
clean,9,8
stop_02_19_14,7,1
suprapubic,7,5
insomnia,41,34
antigen,9,8
health,85,73
selected,18,17
healed,10,8
s_he,6,5
cataracts,26,25
idiopathic,6,4
buttocks,5,4
causing,32,30
strong,16,15
stroke,94,84
medication,238,183
prophylactic,5,4
safe,17,15
said,15,14
february,14,11
really,5,4
orthopedic,13,11
click,6,3
same,40,32
therapist,12,9
says,15,12
surgeries,15,14
clips,6,4
60_year_old,24,23
coagulopathy,6,5
scan,110,97
scar,25,20
endovascular,8,6
sleeping,20,12
angiography,11,10
fields,8,7
sided,28,23
cardiothoracic,5,3
contrast,39,31
seal,5,4
sec_,19,3
seek,7,6
seen,213,184
seem,5,4
wheezing,10,7
sees,5,4
contract,5,4
self,28,25
therapies,11,8
sent,49,41
techniques,9,8
send,6,5
sept,6,5
mucosal,9,8
sets,5,2
success,6,5
pursue,6,5
alternating,6,5
alternative,50,46
sometimes,8,7
questions,126,114
tartrate,39,37
comment,46,14
mercury,5,3
close,15,13
pandemic,353,352
prosthesis,10,8
local,89,66
clock,8,6
broken,7,6
show,41,25
shot,7,6
biopsy_proven,9,8
clots,17,15
thrombi,6,5
signs,136,128
sick,12,11
side,184,163
sign,9,8
prosthetic,42,41
sips,5,4
reach,16,14
sight,5,3
situ,10,7
site,110,80
interim,6,5
ready,10,8
size,212,136
cosmetic,5,4
opening,20,14
obtain,27,24
added,66,64
metronidazole,6,5
skin,86,73
cardiolite,6,4
avastin,11,8
epworth,10,9
resides,5,4
prescribed,39,35
residue,16,11
slim,5,3
isopropyl,5,4
slow,21,20
refer,38,34
cerebrovascular,14,13
warning,5,4
adenocarcinoma,27,26
complete,82,78
lambda,7,2
capacity,19,16
sulfate,18,17
snhl,28,20
etiology,46,43
pyriform,5,4
cardiology,44,36
appointment,40,34
sinus,90,73
soft,36,34
v16_0,12,10
soln,207,110
rehab,53,44
strt_02_12_14,7,1
sore,12,11
spur,5,3
spaces,6,5
seldinger,12,11
mentioned,10,8
surgical,90,83
complain,5,4
mometasone,7,6
sioux,12,2
eating,35,28
information,130,107
discharged,24,22
circumstances,6,4
muscle,33,29
monitors,5,4
diverticula,10,9
demands,5,4
colitis,35,27
stat,7,4
stay,14,12
admit,6,5
antidepressants,5,4
step,5,3
stem,6,5
stop,58,40
loose,43,36
hypercoaguable,6,5
driving,15,11
confirming,5,4
looks,5,4
effect,13,12
supp,10,9
susp,22,20
surg,6,5
sure,7,6
posterior,68,58
renal,150,110
hypertrophic,12,6
sites,8,7
renew,8,5
hydrochlorothiazide,9,8
understand,19,18
performing,16,15
updated,5,4
hospital,95,88
limitations,16,14
compound,5,3
biopsy,143,118
expired,7,2
meningitis,10,8
lopid,5,3
compatible,8,7
descending,46,37
fairly,16,13
mechanical,127,119
dosing,59,55
objective,10,8
phosphate,6,4
provoked,8,6
incision,31,22
reminded,10,9
cautery,22,15
icd_9,10,9
reductions,5,4
adult,5,4
custom,31,23
sizes,9,6
fingers,5,4
failed,62,58
mycophenolic,6,5
recommend,49,40
understood,51,50
lower,182,157
schizoaffective,10,6
saline,13,10
urine,74,59
linear,11,8
options,71,68
antibiotics,51,43
tabs,18,16
touching,15,14
dermatology,9,7
marking,5,4
tags,9,8
take,148,87
tape,12,9
task,15,8
summary,25,24
54_year_old,15,14
incisors,7,4
differentiated,6,5
posttraumatic,9,7
reduce,13,12
presbyopia,43,42
dosage,14,12
two_dimensional,6,5
tdap,9,7
325mg,20,19
technically,40,37
predicted,16,11
chads2,68,65
appointments,37,34
probable,33,28
probably,22,18
tear,42,33
team,39,34
tell,5,4
tens,5,3
unrelieved,9,8
velocity,25,20
term,37,36
60_65_,6,5
test,136,118
schedule,43,38
text,24,20
veterans,10,9
agrees,37,35
agreed,61,59
fluids,14,12
phosphatase,5,2
murthy,6,5
then,203,146
thin,60,43
examination,102,84
thru,27,22
thus,21,18
thur,18,17
hemoccult,7,5
tias,8,7
tilt,5,4
effort,18,13
time,480,393
tiny,5,4
ipratropium,21,19
incisura,6,5
resected,12,11
histology,6,5
immobilization,5,4
coercion,5,4
tunnel,22,14
bilat,12,9
tmst,5,2
requesting,19,18
middle,23,20
lobectomy,7,5
swallow,82,52
toes,14,12
attributable,14,8
breakdown,7,6
told,26,22
tone,10,8
took,14,13
stimulation,5,4
sotalol,7,4
sbp_90,9,8
bipap,5,3
73_year_old,17,16
birth,9,8
meeting,7,6
true,8,6
event,40,34
frequent,37,35
applicable,47,43
describes,7,4
reportedly,15,12
usage,5,4
monitored,21,20
described,30,28
drain,9,6
b_i_d_,5,2
drawn,20,12
closely,12,10
tuck,6,4
tube,88,53
tues,15,13
normal,702,369
drape,8,7
bites,5,4
turp,9,8
effective,29,24
scanned,5,4
bodies,8,7
intestinal,6,5
psychological,22,19
polyvinylsiloxane,5,4
minimally,6,5
seizure,21,19
easily,13,10
cruciate,5,3
recent,183,170
type,135,130
cystoscopy,46,35
extending,9,8
limits,42,33
fabrication,7,5
laryngoscopy,8,6
staging,17,15
thromboembolism,20,19
530_81,14,12
530_85,6,4
today,274,230
using,107,81
drive,23,15
traits,6,5
drink,18,17
tibialis,7,3
discogenic,5,3
distant,7,6
radiology,10,9
477_9,6,5
develop,12,11
pharmacotherapy,6,5
experience,24,22
pertussis,134,132
record,41,38
ideal,6,5
titrate_0,9,8
titrate_1,19,10
eggimann,8,1
urgently,5,4
domains,6,5
drops,7,6
restaging,6,5
consideration,11,9
anterior,82,68
william,6,5
willing,13,11
prepped,36,34
trauma,35,32
apparent,15,13
friday,11,10
v12_72,44,43
murmur,29,28
travel,9,8
procedue,13,7
rectal,95,86
titration,14,12
rectum,43,40
rectus,5,4
medically,8,7
0_083mg,5,4
closure,23,16
annulus,8,6
short_term,5,3
visualization,16,14
_continue,7,2
friend,12,11
annular,12,11
drugs,10,9
consult,115,106
perianal,11,5
optimal,8,6
supervised,5,4
transfusion,11,9
central,47,40
clotted,5,3
tooth,24,13
usual,21,17
organism,6,4
tools,38,37
underlying,23,20
verapamil,5,4
fulguration,7,5
multi,6,5
commands,7,5
laboratory,12,11
episodic,5,4
maintained,11,10
unit,20,15
episodes,29,26
parents,6,5
total,92,75
prosthetics,11,9
follow_up,91,89
dysrhythmia,26,25
5_7_5,5,2
respiratory,50,45
pharmd,11,10
consistencies,15,12
urge,6,4
jeremy,5,2
used,78,62
uses,11,10
exacerbate,5,4
management,118,104
715_90,5,4
dorsal,7,5
potassium,29,21
tumors,8,7
oxycodone,48,44
concomitant,6,5
mural,8,7
dorsum,5,3
correlation,8,7
popliteal,16,14
satiety,8,6
2_0_3_0_,7,6
patient_procedure_site,5,4
correctly,5,4
corrected,15,13
sheath,12,5
falling,6,5
arthritis,56,51
arthritic,7,5
consent,281,260
smaller,6,5
inpatient,32,28
suspicious,22,21
capable,7,6
jarrell,6,1
12_2_14,5,2
enhanced,5,4
recall,28,17
100_,12,10
hallucinations,18,11
cardiogenic,5,4
emboli,20,19
comments,413,55
defined,7,6
thiamine,11,8
diffusion,5,4
dermatitis,7,6
macular,32,28
10mg,100,80
fabricate,5,4
psychosis,15,13
81_year_old,9,8
tiotropium,8,5
content,8,7
anticoag,28,18
context,10,8
12_5,9,4
military,7,6
larger,8,6
hyponatremia,6,4
scanning,9,8
dental,23,10
hotline,8,4
breakfast,7,6
rejection,5,4
titrate,13,11
atorvastatin,11,9
degenerative,68,52
diastolic,68,57
degeneration,21,20
15mg,21,15
bilateral,176,158
crisis,9,7
contact,78,70
vanc,5,4
vamc,23,19
access,83,70
vaccine,9,6
address,15,12
lipoma,11,7
magnet,5,4
subcutaneous,16,13
meniscal,6,4
30_year_old,6,5
recommendations,71,58
tibial,19,16
semantic,6,3
meniscus,8,5
200mg,14,13
sleep,165,105
color,41,38
end_stage,11,10
colon,468,355
determined,14,13
cyclic,8,1
terminal,10,9
vein,99,75
vena,22,18
presents,191,180
very,111,101
verb,23,10
vera,5,3
presence,28,26
spending,5,3
indication,192,174
indicating,21,17
fluoroscopy,9,8
indicative,10,8
routine,57,56
comes,11,10
62_year_old,22,21
again,54,47
nonhealing,10,9
resistance,6,5
transmission,5,2
lipids,8,7
view,20,18
negative,108,95
slice,5,2
vist,47,25
0_5_,5,4
0_8_,11,4
constant,11,10
0_9_,33,21
seizures,6,5
cords,5,2
anticoagulant,7,6
fallen,8,7
multivessel,5,4
v43_3,10,9
observed,32,24
agent,10,6
impotence,6,5
hands,14,10
vmax,17,5
supraspinatus,9,8
myelopathy,5,3
constructional,5,4
opacity,5,4
larynx,5,4
transrectal,10,9
exact,5,4
vegetation,17,13
resolved,32,28
akinetic,5,4
void,8,7
events,47,37
happy,5,4
peritoneal,7,5
osteopenia,9,7
aging,10,9
richard,9,8
count,19,16
notify,17,14
cough,51,47
difficult,61,57
undergone,29,27
cover,5,4
postoperative,30,27
427_31,36,35
annual,17,16
detection,6,3
consulted,10,9
testicular,12,11
complex,26,21
knees,13,12
establish,11,9
control,64,54
vertebral,16,9
silent,7,5
records,26,23
thromboembolic,21,20
scrotum,5,4
hemiparesis,5,4
contour,5,4
converted,6,5
microcytic,6,4
48_year_old,7,6
bisacodyl,21,17
troponin,11,9
deficit,12,9
engage,8,6
occasionally,12,11
recordings,6,5
akinesis,8,5
determine,24,20
exist,16,15
homicidal,8,7
drug_drug,8,7
aortic,363,227
represent,10,8
reflex,9,8
explain,17,7
gonadal,6,5
evident,14,13
psychotic,8,7
reflux,66,63
agree,11,9
refill,18,15
greater,34,32
cutaneous,6,5
alleviate,9,5
20mg,83,72
scrotal,13,10
hydronephrosis,17,13
behaviors,42,41
energy,11,10
ibuprofen,10,9
22_5,8,1
uncertain,19,18
stability,6,5
widely,6,5
implusivity,5,4
cytology,12,9
22nd,6,1
concentration,15,8
known,90,85
knows,6,5
cholesterol,12,10
23mg,5,3
logical,11,10
black,26,25
improving,20,18
attempted,38,21
24mg,6,3
doppler,82,51
pension,6,4
appeared,62,44
graded,5,4
25mg,64,51
massive,9,7
wait,11,10
sclerotic,19,17
extra,12,11
wall,148,115
walk,12,10
want,17,16
ward,15,9
embolism,60,58
wash,8,7
warm,8,7
wave,18,13
barium,9,8
doubled,7,6
airways,6,5
small,155,128
nsaids,16,14
preserv,11,10
blast,7,5
swallows,10,8
blade,5,4
present,182,144
adjustment,51,37
6_25mg,5,4
testing,81,63
morphine,26,22
bleed,32,29
fluency,12,8
sclerosis,30,28
antibody,8,7
weak,9,7
week,146,108
well,408,356
went,22,19
mwfss,8,1
west,13,6
fashion,26,23
211_3,10,8
equipment,14,10
adrenal,8,5
scrubbed,5,4
employment,12,11
blind,31,23
thrombosis,71,65
stressed,8,7
30mg_30ml,9,4
yearly,7,6
wide,13,11
wife,99,72
achieve,9,8
ahead,6,5
wish,8,7
wire,28,15
1_07,6,5
1_03,7,6
1_19,5,4
1_16,5,4
1_11,5,4
1_25,8,4
stenting,15,11
1_76,8,6
1_73,5,3
1_71,5,4
1_80,6,4
1_85,5,4
1_83,6,5
1_91,8,5
1_99,5,4
1_98,10,9
1_97,5,4
1_93,5,4
smith,8,6
clicking,5,3
brochure,10,9
1_dm,13,12
ulcers,26,23
asymmetry,11,8
sample,6,5
advanced,48,33
operate,5,4
change,146,124
chance,48,46
holter,9,8
v53_2,17,16
tested,9,5
67_year_old,22,21
procedures,52,51
blood,196,152
block,39,36
speech,60,50
measured,29,22
measures,39,25
right,1003,673
occasion,5,4
389_18,7,6
389_16,5,4
rapidly,9,7
august,26,22
residential,6,4
work,63,52
lexiscan,5,3
word,14,11
consented,36,33
hypokinesis,20,16
glargine,20,17
melatonin,5,4
issues,48,37
issued,14,13
denies,125,101
attention,45,30
denied,36,28
neurovascular,5,4
midline,9,7
gentamicin,5,3
feeling,20,18
hypokinetic,19,15
separate,5,4
procedural,5,4
exudative,7,6
comorbidities,12,11
smoke,7,6
introduced,12,11
wrap,5,3
20_20,11,10
20_25,5,4
amiodarone,29,17
echocardiographic,15,14
urethra,9,5
explored,5,4
appearance,14,12
infused,5,4
blunt,5,4
repeated,21,20
helpful,10,8
substance,80,66
rinse,14,13
demonstrate,15,12
mechanisms,5,4
notably,6,5
notable,11,9
inserts,6,5
hardware,6,5
metastasis,12,9
seeking,9,8
86_year_old,9,8
hemostasis,13,12
metastatic,37,32
paced,12,7
pacer,9,8
hepatitis,63,56
ambulate,6,5
originally,14,13
20cm2,5,2
risks,335,296
amplification,26,20
55_60_,6,4
x_ray,28,27
30mg,20,16
gradient,18,13
grafts,11,9
rubber,6,5
tablet,150,104
tables,13,12
disturbances,5,3
laparoscopic,17,15
hydroxide,11,9
impacted,8,7
ophthalmology,6,5
reduced,44,35
tract,46,39
trace,28,21
track,6,5
2011_2012,7,6
consultations,7,6
breathing,27,22
congruent,9,8
office,19,18
pains,8,7
extended,15,13
antacids,6,5
effusion,105,96
response,36,31
became,12,11
porcine,8,7
dissection,11,9
tazobactam,17,9
showing,30,26
treat,13,12
tried,19,17
trial,42,35
bridging,5,3
supportive,10,9
kourt,8,7
20meq,15,10
panic,10,8
snare,41,24
proliferative,8,5
decision,27,23
conventional,5,4
culture,12,11
finished,9,8
paper,8,7
number,88,76
filled,11,10
filler,7,6
fixation,15,14
demerol,5,4
blocker,7,6
ganglion,6,4
pause,6,5
1000mg,9,8
1000ml,12,11
2_03,6,5
2_04,6,4
2_05,10,9
2_06,5,4
2_07,9,8
2_08,5,4
2_00,5,4
2_01,7,5
2_15,5,3
2_16,6,4
2_19,6,5
2_10,6,5
2_11,7,6
2_12,7,6
2_13,7,4
leisure,10,9
2_25,5,4
2_28,6,4
2_21,6,4
2_24,7,4
2_39,9,6
2_31,6,5
2_33,5,3
2_48,7,6
2_40,7,2
2_43,6,3
2_50,7,6
2_53,5,4
2_54,6,5
2_66,5,4
2_67,6,5
patch,37,22
2_72,6,5
2_73,5,4
2_76,7,5
2_77,5,4
2_79,7,3
addendum,5,4
height,6,5
2_86,7,5
2_80,5,4
2_90,5,4
delayed,33,27
intravitreal,9,7
spinal,62,54
judgment,10,8
sloping,10,7
initiated,59,34
identified,88,61
lately,6,5
encounter,20,14
colchicine,5,4
involvement,9,7
cancelled,28,12
elimination,5,4
metatarsal,13,11
established,29,25
prevent,19,16
nonoperative,8,7
diphtheria,196,190
pattern,37,33
procedure,693,441
tomogram,5,4
mailed,12,11
disapproval,5,4
100mg_10ml,7,6
sertraline,13,9
morphology,10,9
disapproved,5,4
thrombus,90,86
xray,6,5
sodium,62,32
increasing,42,38
markedly,13,11
epigastric,24,21
become,18,15
conscious,14,13
single,80,54
antibiotic,16,15
reasonable,11,10
conversational,5,4
murmurs,6,5
styles,6,5
initially,29,28
combative,5,2
415_19,8,7
containing,6,5
sigmoid,82,68
work_up,7,6
exhibited,9,8
decubitus,12,11
expect,5,4
suspicion,14,12
lisinopril,27,25
40mg,68,56
upgrade,5,4
indigestion,5,4
self_report,6,5
post_swallow,5,4
dyspepsia,26,25
draped,31,29
working,21,17
anastamosis,5,4
typical,6,4
y_o_,19,18
permanent,11,9
b_mode,5,3
creat,5,4
cream,22,17
writer,33,28
measurements,25,22
artificial,9,8
witnessed,18,17
45mg,5,4
years,181,169
submitted,5,4
hemorrhoidal,5,4
generate,7,6
clotting,11,8
filter,48,43
avoidance,7,4
multiple,198,168
abilities,36,21
intracardiac,12,7
houston,5,4
balance,9,8
injected,37,26
_aov_,5,4
identity,11,10
valvular,82,79
year,234,222
adjacent,11,10
bilirubin,5,4
structures,15,13
formoterol,9,8
premalignancy,8,7
digital,21,18
pancrelipase,6,5
crohn,13,12
consistent,159,134
preparation,18,17
liquid,39,33
identify,8,7
3_05,6,5
3_09,12,8
3_03,5,4
3_11,8,6
43_year_old,6,5
3_75,17,4
isotonic,9,8
occasional,25,24
significant,256,224
leaving,6,5
percocet,7,5
audiometric,12,7
exertional,15,14
remaining,18,14
coverage,7,6
dysarthria,5,4
minerals,14,12
solid,17,14
diplopia,7,6
mutation,8,6
emergency,51,40
haloperidol,7,5
squamous,31,23
orthotic,19,6
crush,5,4
continuing,64,63
turned,6,5
regularly,14,13
details,36,34
treated,78,73
percent,5,4
historian,6,5
lumen,11,10
resolve,9,6
exertion,23,22
regard,6,5
bypass,80,75
continuous,16,15
lungs,27,24
pca_0,6,5
4_5mg,6,4
administration,69,63
lupus,11,10
mirtazapine,6,5
sound,7,5
hydralazine,22,18
prostatic,23,22
unresponsive,5,4
worsening,46,42
accompanied,5,4
urologist,5,3
quantity,6,4
colonic,63,61
50ml,9,7
50mg,64,51
systemic,9,8
housing,8,4
dextrose,34,26
social,52,48
informed,196,184
applied,26,22
inhibitors,13,12
380_4,5,4
resound,5,4
profunda,6,5
purulent,6,5
background,8,7
oriented,24,22
pciol,5,4
selection,7,4
family,125,119
chads2_3,6,5
nonocclusive,5,4
diagnoses,14,12
diagnosed,69,68
diagnosis,183,172
region,28,24
distribution,5,4
devices,7,6
tthss,31,6
empyema,5,4
managing,9,8
spasm,9,8
treadmill,8,5
fabricated,8,7
heavy,16,15
topical,12,11
heart,493,410
heard,5,4
ongoing,24,22
infectious,9,7
infections,11,10
lasixbid,6,5
space,20,17
albuterol,28,23
hypoglycemia,63,24
simple,17,16
transfer,16,14
left_sided,16,14
instruction,16,15
instructing,6,5
chloride,74,46
urothelial,5,3
carbonate,10,9
characterized,21,20
speed,25,13
non_formulary,71,70
spent,14,13
56_year_old,14,13
zinc,5,4
distention,5,4
4_08,5,4
4_00,5,3
consciousness,18,10
dysfunction,109,99
discussed,349,295
100mg,85,73
measuring,9,8
100ml,6,4
lvedp,6,5
spine,48,37
trials,10,8
income,5,4
psoriasis,14,12
bubble,5,4
comorbid,5,4
bones,6,4
bolus,22,18
married,13,11
diffuse,22,18
split,8,6
interatrial,5,4
adequate,66,60
spoke,15,14
tamponade,6,5
technique,50,49
lvids,8,7
lvidd,10,9
minutes,71,58
impaired,35,29
neuralgia,7,6
include,68,64
assistant,9,8
returns,11,10
practice,5,4
connected,8,7
premature,6,5
menorrhagia,7,6
catheters,6,5
grafting,9,8
botox,5,4
perform,30,28
cardiomegaly,5,4
re_evaluation,5,4
utilizing,11,10
segmental,11,10
impulsivity,71,68
hypogonadism,70,69
nerves,10,9
2_dimensional,5,2
spray,15,14
degrees,12,5
distress,30,26
finger,20,16
lumbosacral,6,5
bowel,85,72
75_year_old,15,14
little,14,13
conversion,14,10
managed,26,25
manager,7,6
manages,7,6
inches,8,6
patients,57,41
respond,8,7
replaces,7,6
lovenox,38,25
benefit,65,56
visual,76,50
gated,5,4
suicide,6,5
looking,9,7
aspiration,117,81
spirometry,5,3
60mg,15,13
25_000,7,3
insight,23,20
pocket,11,6
rebound,5,4
beginning,8,7
tubes,14,12
gauge,8,7
metamucil,18,10
duplex,28,21
indeed,5,4
cleansed,5,4
microhematuria,10,9
instructed,164,82
adjusted,6,5
tingling,9,6
regards,7,6
citalopram,8,7
hyperopic,15,14
intraoperative,10,8
arrhythmia,23,22
palliative,9,6
diameter,49,38
excursion,10,9
agreement,15,14
materials,13,12
technical,5,4
foramen,5,4
ravindra,6,5
depressed,45,43
development,9,8
assisted,5,4
petrolatum,5,4
250mg,11,10
desire,13,11
umbilical,15,12
longest,11,7
reasoning,7,5
tumor,68,51
pre_mixed,5,4
frustrated,6,5
surface,5,4
vitals,5,4
comprehension,10,9
cleaning,8,6
endobronchial,8,7
maximal,15,11
5_09,6,5
fibromyalgia,6,5
5_10,12,10
initiate,9,7
treatment,320,255
maximum,48,43
hypoxemia,7,6
whipple,6,5
examined,10,9
femoral,55,45
abrasion,5,4
turbt,12,10
semi_pedunculated,6,3
rectosigmoid,13,10
awakenings,6,5
hemorrhage,23,20
carotid,85,66
alert,42,36
lanoxin,5,4
sufficient,17,15
blindness,13,12
heparin,55,47
interference,5,4
visits,11,9
vision,108,92
lubricant,5,4
hepatic,26,20
adjust,5,4
condition,44,43
intermittently,6,5
computed,9,7
computer,22,18
heartburn,22,21
frozen,6,5
lateral,88,67
allow,17,16
proper,53,52
attempts,10,7
allen,5,3
greens,9,5
gallbladder,14,10
encourage,6,4
allergy,11,10
criteria,58,51
hypertrophy,86,79
alone,9,7
peach,8,7
eventually,9,8
emesis,10,9
impairment,55,46
listed,11,10
alpha,10,6
executive,17,13
proton,6,4
global,44,30
answered,37,35
70_year_old,17,16
symmetric,5,4
proven,6,5
10_15,8,7
10_00,11,10
10_10,6,4
raising,7,6
drinking,10,8
thyroid,25,21
72_5,7,1
appropriate,66,63
duodenum,30,25
special,11,9
called,34,24
specify,10,7
nonsurgical,6,3
duodenal,26,22
joint,71,50
antiphospholipid,8,7
affected,14,12
ceftriaxone,8,6
zolpidem,5,4
shingles_,6,5
waiting,10,8
exposed,5,4
75mg,21,18
l3010,6,5
claudication,38,36
mobility,15,12
traumatic,22,18
touchless,5,2
dissolve,21,18
counseling,13,11
methylprednisolone,5,3
enjoys,5,4
hemorrhoid,6,4
strokes,6,5
making,19,18
peritonitis,12,11
justification,7,5
51_year_old,14,13
definitely,5,4
excisional,5,4
atrophy,10,9
external,36,31
irregular,16,15
rotation,6,5
general,51,47
liters,16,10
classified,7,6
ventricle,117,67
definitive,17,15
6_10,7,6
6_25,10,3
exchange,12,9
gloves,6,5
dizziness,47,45
excessive,37,36
cures,7,2
dinitrate,5,4
micrographic,5,2
120mg,8,7
chills,10,9
vaccination,16,15
prevented,5,4
rhinitis,20,19
krames,24,23
duress,5,4
wm_bedtime,15,14
characterize,6,4
antrum,10,8
remain,16,15
antral,5,4
disability,7,5
extent,8,6
compression,18,17
rhythm,81,61
communication,28,25
discovered,6,5
strengthening,7,4
non_valvular,14,12
capsular,6,3
angiogram,14,12
methadone,10,7
inconsistent,12,10
reaction,61,58
dysthymia,6,5
improvement,44,41
metoprolol,75,69
hyperinflated,5,4
comparison,35,33
manage,12,10
glasses,7,6
fluoxetine,11,7
classification,7,6
miller,5,4
0_15mg,5,4
atherosclerosis,17,16
volume,58,49
remind,5,4
personality,11,6
indefinitely,8,7
hyperglycemia,44,43
anesthetized,12,11
remote,27,24
sister,22,19
remove,22,21
11_25,5,2
6mos,5,4
injection,64,56
83_year_old,6,5
processing,28,18
80mg,14,12
swelling,56,49
2_5_3_5,39,38
congestion,14,12
congestive,34,31
conducted,12,11
81mg,23,22
images,33,29
understands,33,30
personal,121,119
switched,5,4
physicians,6,5
children,6,4
leaflets,28,19
ileus,7,6
ileum,11,10
obese,11,10
shingles,44,43
possible,194,177
possibly,40,34
ileal,9,4
cardioverted,5,4
12_5mg,28,25
brbpr,15,14
inflow,11,8
protocol,81,64
option,14,12
laymen,5,4
perhaps,5,4
advisory,15,14
brand,6,5
brain,33,30
cognitions,7,3
brach,5,2
abstinence,6,5
mobile,11,8
gleason,9,8
twice,35,24
opportunity,42,41
tracking,5,4
sensory,15,9
iliac,35,29
according,12,10
manual,15,13
pregnancy,7,6
ligament,12,7
272_0,5,4
directed,19,18
directly,6,5
forceps,10,6
272_4,5,4
brent,7,6
subclavian,14,12
37_5mg,10,6
69_year_old,13,12
cognitive_,5,3
influenza,1240,1193
parkinson,10,7
layers,6,3
elective,15,14
7_10,6,5
hospitalized,7,6
bring,8,7
deleted,58,57
generally,11,10
pylori,7,5
brian,5,4
brief,34,32
64_year_old,29,28
ampule,17,15
thresholds,9,7
manner,6,5
25_29_9,15,14
adjusting,5,4
bursitis,16,15
fridays,8,4
broad,5,4
angry,6,4
symptoms,335,255
influenzal,18,17
discharge,35,32
explained,128,119
angio,6,5
angle,11,9
anger,6,5
hickman,5,2
extremity,64,52
cancel,6,5
___none,5,4
cancer,368,327
ankle,54,40
lifestyle,11,10
isosorbide,12,10
glyburide,5,4
synthroid,13,12
groomed,8,7
canals,24,23
nutrition,11,10
generator,15,12
l3_l4,7,4
occurrence,5,3
splint,6,5
extremely,7,6
nutritional,7,4
cefazolin,5,1
45_year_old,9,8
regional,42,38
bruce,13,9
pulmonary,218,195
october,21,19
bruit,9,8
lymph,23,15
answer,9,8
guidelines,10,9
adenomatous,36,34
detect,6,5
carcinoid,13,9
carcinoma,90,73
inflammation,10,9
roots,7,6
situations,9,8
pancytopenia,10,9
papule,7,3
passage,9,6
interacting,5,4
walls,8,5
insurance,15,14
levothyroxine,19,17
correlate,5,4
reschedule,10,7
relief,50,47
interaction,12,10
impulsive,39,38
nuclear,27,25
continuation,12,10
hoarseness,12,10
wakes,7,3
12_06,6,5
amlodipine,9,8
3_375,5,4
detail,33,29
similar,12,11
perioperative,10,8
headaches,20,16
excluded,8,7
image,11,8
lytic,7,6
erythema,14,12
aspirate,12,8
0_25mg,12,11
26_year_old,6,5
sacroiliac,9,6
transferring,5,4
existing,5,3
operative,34,32
pleasant,31,29
operating,85,72
operation,19,15
wants,25,24
stapler,5,1
spontaneously,6,5
passing,5,4
passive,7,5
triple,8,6
velocities,11,9
ventilator,8,7
abscess,49,38
neuropathic,7,6
state,38,37
watch,9,7
start,53,45
quadrant,28,24
ventilation,7,6
mildly,83,58
water,57,46
hematuria,76,62
staff,31,29
stage,52,41
weaknesses,6,3
average_risk,29,28
achieved,13,12
pertinent,9,8
280_9,7,6
transplant,30,25
waves,6,4
ranitidine,13,11
operator,8,7
admits,5,4
remarkable,5,4
stemi,11,10
stent,111,85
pgrad,5,4
stess,5,4
altered,8,7
presentation,14,13
coccyx,5,4
rationale,6,5
incidentally,6,5
adequately,10,8
inhaler,5,4
tenderness,18,16
regurgitant,6,5
restart,9,7
observation,8,6
8_12,5,4
8_10,12,10
8_25,5,3
surgeon,11,10
endorsed,12,10
exacerbation,32,29
surgery,286,220
formation,18,15
interferes,5,4
exacerbated,8,7
chemotherapy,36,31
still,57,52
lansoprazole,6,5
atypical,33,32
anesthesia,94,83
hilar,24,21
spondylolisthesis,6,5
reducible,9,8
trivial,11,10
anesthetic,21,18
facet,30,17
american,7,6
feelings,7,6
sciatica,6,5
inflammatory,13,11
hines,13,10
spondylosis,8,6
accordance,5,4
chamber,42,35
shortness,51,50
l4_l5,7,5
resting,17,14
amount,36,32
living,23,18
stool,88,79
tissues,8,7
ileostomy,7,5
stone,36,29
suffered,8,6
implications,7,6
aforementioned,6,5
reported,114,92
worried,7,5
reassess,7,6
critical,10,9
strep,5,3
2012_2013,7,6
expression,6,5
fibrosis,10,6
awaiting,5,4
stump,5,4
occurs,8,7
acoustic,8,6
occult,24,23
window,5,4
stuck,6,5
study,375,338
paresthesias,5,4
clearing,6,4
phase,19,14
healing,23,20
purpose,11,10
helicobacter,6,4
caffeine,6,5
implant,19,17
moviprep,7,6
aorta,42,29
confusion,11,9
products,6,5
actually,11,9
succinate,9,8
spouse,7,6
ureteral,43,25
minute,15,12
style,9,6
veteran,429,225
58_year_old,10,9
wearing,5,4
falls,71,47
hypothyroid,5,4
african_american,10,9
sinotubular,5,4
od_os,7,5
couplets,5,2
inserted,26,23
inserter,9,4
physical,102,93
receiver,8,6
received,38,33
tracheotomy,5,3
believes,5,4
believed,11,9
prepared,8,7
prepares,5,4
lactated,23,11
detected,8,7
thoughts,19,18
limiting,10,9
zocor,15,13
index,28,18
indef,20,19
thallium,9,8
bleeding,336,287
abnormal,133,121
fatty,5,4
induced,11,10
premalignant,12,11
constipation,73,62
patent,40,33
equation,6,5
symptom,16,14
hydroxyzine,6,5
scheduled,117,95
father,20,18
message,15,12
noticed,19,16
absence,9,8
phone,47,36
metabolic,7,6
homocysteine,5,3
efficiency,5,3
faxed,14,12
activities,46,43
interstitial,5,3
tolerate,14,13
psychiatric,37,25
non_restorable,6,5
sugar,11,10
sedate,8,7
handout,25,24
serotonin,5,4
changed,19,17
changes,185,146
suite,5,4
cardiomyopathy,117,113
9_00,6,5
9_10,5,4
problems,115,91
clavicle,5,2
saturday,11,10
foreign,9,7
listening,14,13
osteoporosis,7,6
leiden,21,20
trimethoprim,8,6
150mg,20,19
fibroids,5,3
administered,28,22
types,5,4
unsuccessful,9,8
slowing,8,6
behavioral,25,21
a_flutter,21,20
hyperplasia,5,4
789_00,8,7
ovarian,7,6
supplies,7,5
inspection,6,5
healthy,8,7
insu_,5,4
re_check,11,10
resulting,20,17
diverticulum,6,5
activity,22,20
cefepime,6,3
sural,7,5
coffee,8,7
l5_s1,16,12
nocturnal,6,5
passed,18,14
deviation,8,7
suppl,39,38
transverse,25,21
intervention,42,40
normally,7,6
results,142,112
diversion,12,7
susan,5,3
doxazosin,6,5
intermittent,71,69
morning,49,38
actively,8,7
hyolaryngeal,5,4
seasonal,100,99
apnea,72,65
entering,7,6
neural,9,7
taking,70,62
intellectual,11,9
appts,7,6
warranted,9,8
indefinite,36,35
apply,23,19
education,40,33
verifying,5,4
wanted,10,9
piece,6,4
bloating,13,12
hemodialysis,20,12
second,55,49
registered,12,6
travoprost,5,4
april,23,21
factors,42,34
persistent,51,44
starkey,5,4
almost,10,9
multifocal,5,4
substernal,5,4
electrocardiogram,7,6
periods,5,4
concerned,12,11
trapezius,6,3
outpatient,39,34
recurrent,292,277
difficulty,80,71
longer,13,12
concentric,25,23
reflexes,6,4
orthostatic,6,5
cycle,6,4
pleural,62,52
pneumococcal,104,102
wheelchair,9,8
pills,30,18
dilator,10,5
structurally,26,24
dilated,90,58
melanoma,6,5
enlarged,42,38
stabilization,9,7
anticardiolipin,6,5
flexibility,10,7
writing,5,4
hernias,12,10
continuance,6,5
locally,5,4
pines,9,2
sponges,5,4
eqv_zenpep,6,5
chronic,378,337
impairments,18,11
device,51,33
siemens,8,7
infuse,36,30
splenomegaly,5,4
responded,13,12
colorectal,91,87
forearm,8,6
800mg,6,4
hydrocortisone,7,6
coughing,15,12
non_small,6,5
biopsies,47,38
biopsied,18,13
collateral,6,2
pamphlet,11,10
appropriateness,5,4
sincerely,15,14
discrepancies,9,8
endocardial,5,4
olympus,5,3
dystonia,5,4
pitch,5,1
flattening,5,3
smoking,31,27
eccentric,5,4
77_year_old,5,4
map_60,5,3
verbally,15,13
tinnitus,17,7
aricept,5,3
occlusion,39,34
pancreatitis,16,11
4mg_2ml,22,21
necessary,34,29
started,95,77
located,15,10
occlusive,9,8
undergoing,28,25
cysto,12,10
cysts,10,8
generalized,12,11
prazosin,5,4
dimension,5,4
qnightly,8,4
bulge,9,7
thecal,8,4
showed,135,109
salvage,6,4
inferior,62,49
impaction,8,7
pharmacy,53,48
digoxin,14,11
discomfort,40,38
adherence,21,16
printout,28,27
national,5,2
finasteride,10,9
vallecular,5,4
supplements,9,8
painful,24,21
adhesions,5,4
acrylic,5,4
warfarin,516,416
3_75mg,10,9
abdominal,179,151
nasal,69,40
necessity,9,8
hormone,8,7
instilled,5,3
extraction,24,21
unfortunately,8,7
transurethral,12,11
restarted,11,9
hypertension,215,209
counseled,26,23
hypertensive,20,19
reference,5,4
gangrene,15,14
current,245,208
functioning,77,45
responses,18,16
resuscitation,7,5
metformin,14,13
15_20,5,4
vomiting,39,38
carefully,6,4
average,131,98
narrowing,17,14
childhood,6,4
mulitvitamins,11,10
planning,15,14
bifurcation,6,5
bulging,5,2
textures,5,2
features,20,18
gabapentin,30,25
suspect,26,24
clinically,34,28
marrow,7,4
inject,10,6
tetanus,200,194
v76_51,9,8
abdomen,36,26
preference,41,40
trough,10,6
5v__4ms,5,2
fistulas,5,4
swabs,6,5
partial,31,28
antegrade,7,3
entered,17,12
digits,7,5
sources,6,5
life_long,5,4
herbal,7,6
recommends,19,18
moderate,211,152
worsened,6,5
catheter,175,139
mapping,9,6
driver,24,23
supplemental,46,45
metolazone,5,4
marked,33,30
promotion,5,4
cognitive_linguistic,5,3
fasting,9,7
problem,68,62
sprays,11,8
arrived,9,8
lipomas,5,4
evaluation,252,200
modalities,5,4
epidurals,6,5
resources,6,4
margin,9,7
timing,6,5
cadivasular,8,7
psychotropic,23,8
ordered,79,70
coumadin,159,102
areas,53,46
often,16,14
verbalize,6,4
sennosides,8,7
developing,9,7
topically,6,4
pyelograms,5,2
10_2014,5,4
wears,5,4
arise,6,5
weeks,108,90
year_old,34,32
afternoon,8,7
wedge,8,6
subsequent,30,28
pauses,8,6
attached,7,6
injury,138,109
rescheduled,9,8
urinary,185,158
withdrawn,10,8
ambulation,8,7
gastroesophageal,28,25
femoral_popliteal,6,4
pulmonic,30,21
mandibular,5,4
urgency,7,6
alerted,5,4
providers,19,15
phimosis,5,4
judes,9,8
splenic,8,7
microphones,5,4
shoulder,99,74
multilevel,7,5
colonoscopies,9,8
verbalizes,10,9
verbalized,33,30
pharmacist,5,4
divided,6,2
heroin,5,3
hernia,122,88
dilation,21,16
radiates,5,4
ambulatory,14,13
vague,5,4
diagnostic,107,100
irritative,5,4
recorded,9,8
irritation,9,8
presenting,22,21
anastomotic,8,7
iso_osmotic,8,7
anastomosis,9,8
gallon,6,5
written,78,72
herpes,23,22
weather,7,6
cholecystectomy,22,18
aureus,6,4
dyslipidemia,12,11
kidneys,12,10
clopidogrel,29,25
juice,6,5
platelet,7,5
valid,6,4
incomplete,23,19
submit,6,5
sensation,25,20
presented,169,151
pathology,50,46
budesonide,6,5
failure,173,164
2_2_5,6,5
anatomic,6,5
stating,6,5
statins,5,4
vanco,12,2
tonight,7,6
grossly,18,9
casually,11,10
vitamin,122,119
dressed,21,20
valve,409,291
value,38,33
points,10,8
2_5mg,87,69
dilatation,24,21
c5_c6,5,4
utilized,35,34
injections,24,16
obstructed,5,4
53_year_old,14,13
monoclonal,5,3
difficulties,56,41
report,91,83
carpal,19,11
glucose,22,21
onychomycosis,5,4
dysphagia,158,144
promethazine,7,6
decided,32,30
diminutive,10,8
cardia,8,7
expectations,8,7
resulted,11,10
ascad,6,5
starting,23,21
branches,8,4
yellow,9,8
directional,5,3
scheduling,5,4
phonak,12,11
undertaken,5,4
caries,29,26
system,42,39
outcome,5,3
identifiers,8,7
two_dim,6,5
benefits,261,252
perineal,11,10
requested,51,50
marriage,5,4
revascularization,9,7
fecal,19,18
angioplasty,10,9
checklist,7,6
implantation,14,13
brochures,6,5
density,8,6
asked,29,26
feels,25,23
acetaminophen,8,7
feeds,6,3
drinks,8,7
interview,21,19
staghorn,5,3
cystectomy,7,5
diverting,6,4
critically,32,31
temporal,13,9
postmenopausal,9,4
_mv_,5,4
repair,80,68
211_3_,38,21
arthroscopy,6,5
unlikely,13,12
border,7,6
plans,33,31
plate,6,3
december,13,11
cardioversion,30,28
seeing,9,8
place,50,49
plain,11,9
acknowledged,11,9
a411,5,4
document,9,8
neurocognitive,12,10
losartan,7,6
solids,26,23
repeat,77,71
appliance,7,6
ulcerated,5,4
m_sat,20,8
femur,6,4
hypercholesterolemia,16,15
72_year_old,15,14
seemed,7,6
corneal,14,9
vestibular,9,6
regimen,75,72
occurring,6,5
_tv_,5,4
complication,30,27
gives,9,8
replace,8,7
liquids,59,40
0_6_1_2,5,2
regions,6,4
washington,7,6
reversal,7,5
lymphoma,20,18
improves,5,4
improved,57,51
result,41,40
resume,11,8
stasis,14,12
findings,141,131
statin,8,6
states,85,72
status,186,157
remember,7,4
stated,47,45
understanding,133,114
narcotic,8,6
polypectomies,5,2
completely,7,5
fever,32,27
alzheimer,7,6
clindamycin,6,5
periodic,9,6
tremors,7,6
radiographic,10,8
anticoagulation,533,514
early,41,36
solution,21,18
tacrolimus,6,5
tolerating,10,9
premorbid,9,5
ablation,23,19
properly,8,7
restless,10,8
varices,40,34
frequently,9,8
largely,9,7
eaten,5,4
largest,5,4
anxiety,87,67
urgent,8,7
bipolar,23,20
inclusion,7,6
glycol,34,31
matter,5,4
produce,5,4
trileaflet,8,7
enoxaparin,33,25
retrograde,8,4
printed,7,6
structure,23,21
polyps,290,266
elevated,123,116
risperidone,10,8
strictures,8,7
hyperplastic,11,10
chosen,5,3
ensure,12,10
followed,70,64
followup,53,52
neoplasm,81,75
d_5_w,11,9
flunisolide,13,11
causes,13,12
caused,14,13
retain,5,4
anxious,9,8
completing,6,5
colectomy,8,7
tomorrow,15,12
right_handed,7,6
voicemail,16,15
seconds,18,12
levetiracetam,5,4
alcoholic,10,8
stable,185,161
systolic,178,139
flushed,9,7
oxygen,47,41
achieving,6,3
neuroma,5,3
sestamibi,5,4
cavity,24,18
1990s,5,3
ventral,21,15
maintain,18,16
severity,11,10
quickly,8,7
various,14,12
pressors,9,8
interpretation,10,9
syrup,6,5
progressively,11,10
5000unt_0_5ml,12,11
rules,10,9
ruled,9,8
standard,23,21
young,6,4
entire,29,28
hispanic,6,5
infarction,33,31
lawrenceville,7,2
coronal,7,5
sooner,8,7
hemicolectomy,11,10
flagyl,6,4
growth,5,4
66_year_old,22,21
lotion,6,4
identification,13,12
guidance,9,8
severely,36,28
xylocaine,8,7
missed,46,34
reconstruction,8,6
atria,8,7
fraction,113,104
individual,24,21
irrigation,11,8
hydrocele,5,4
ultrasound,60,52
aseptic,8,7
benign,48,42
displaying,6,5
retropubic,6,5
denture,6,5
stairs,6,4
pre_sedation,5,4
groups,6,5
compliance,17,16
anteriorly,5,3
fracture,74,55
standing,7,6
stomach,43,34
normocytic,5,4
04_30,7,1
answers,5,4
tightness,9,7
already,12,11
thought,29,26
depressive,22,16
jugular,12,8
depression,114,100
odynophagia,7,6
serious,7,5
performed,231,196
allopurinol,9,8
magnesia,8,6
needs,76,63
follow,74,68
measure,18,10
able,85,75
rivaroxaban,11,7
asymmetric,7,5
deficiency,172,170
madit,6,5
citrate,10,8
acid,31,27
18mcg,9,6
acip,15,14
masses,25,20
totally,7,6
deficency,5,4
adhd,8,5
adls,10,8
peripheral,68,64
adtp,11,7
painless,13,12
audio,7,6
10_000,12,6
preservative,9,7
balloon,5,3
others,46,41
ferritin,5,4
reliability,6,5
afib,368,350
levofloxacin,10,5
pancreas,13,10
folate,7,5
7_26_13,6,5
submucosal,5,4
tuberculosis,7,6
brother,17,16
significantly,19,17
issue,16,14
lifelong,35,34
inducible,7,6
acidosis,5,2
aids,95,75
aicd,9,8
47_year_old,11,9
steroids,11,9
aims,8,4
talking,5,4
sbp_100,11,9
attributed,5,4
attributes,5,4
major,36,35
supratherapeutic,10,6
hopes,5,4
bronchodilator,6,4
restricted,8,7
habits,17,16
urethral,10,8
nerve,52,43
also,304,258
educatde,6,5
educated,18,16
documentation,23,22
sutured,7,6
sutures,10,6
myopic,5,4
suitable,5,4
anal,19,13
environmental,5,4
tricuspid,98,70
participate,18,17
filling,29,24
participant,6,5
house,8,7
hours,74,58
infusion,20,13
anus,6,5
debridement,15,13
sobriety,6,5
extensive,32,27
extension,10,9
aovr,5,4
apap,5,4
apex,17,14
newly,10,9
hemepositive,7,6
hiatus,12,11
nevus,7,5
appt,50,36
remains,25,21
white,135,129
papillary,14,12
hiatal,21,20
losing,6,5
drug_eluting,7,6
sudden,11,10
never,30,27
documented,37,33
neuro,17,13
hemodynamic,23,20
arch,23,10
area,132,108
armd,5,4
elevation,24,21
drainage,61,40
thinks,5,4
things,7,6
asap,5,4
march,19,17
ashd,5,3
nephrolithotomy,8,4
paroxysmal,48,47
choose,12,11
decisions,7,4
challenging,5,3
unilateral,5,4
accurately,5,4
thinking,10,9
auto,8,7
declines,8,6
declined,14,13
items,8,7
retroflexed,5,4
away,7,6
primary,132,123
_stable,5,2
supports,16,9
renewal,5,4
renewed,9,8
naloxone,5,3
whole,7,6
outflow,5,3
axis,7,5
stimulus,6,4
endoscopy,26,23
endoscope,14,8
bilaterally,70,55
asleep,12,9
ureter,7,6
conversation,6,5
proceed,171,160
kidney,73,56
intended,7,6
jaundice,8,7
choice,21,20
process,41,35
hearing,232,141
draining,8,6
b_12,10,9
thrombectomy,9,8
reconciliation,7,6
hematoma,18,16
auditory,11,7
relevant,13,12
transthoracic,13,12
venous,63,52
sinuses,9,7
caucasian,29,28
glare,13,12
gland,6,4
emergent,10,9
back,242,212
band,6,5
bare,10,8
base,22,20
pyuria,5,4
proceeding,7,6
attacks,9,7
suggests,16,14
nocturia,6,5
hospitalization,17,15
reports,122,91
reverse,5,3
beat,7,4
anatomy,9,8
best,36,32
beta,5,4
right_sided,19,18
undergo,39,38
percutaneous,25,20
dementia,65,47
brought,36,35
papilloma,6,5
accepted,13,12
studies,48,45
rheumatoid,14,13
deferred,6,5
improve,40,36
bid_,5,4
preventive,6,4
tubulovillous,6,5
perceived,5,4
prevention,77,69
bile,16,12
every_day,5,3
embolus,10,9
inguinal,45,32
embolic,14,13
dependency,7,6
dependence,49,42
cognitive,116,57
reveal,8,7
cognition,6,4
tuesday,8,7
medium,24,23
penetration,19,16
median,18,10
medial,60,44
bruising,56,52
sliding,33,19
thoracic,21,19
shallow,6,4
decline,18,14
body,42,40
interfering,18,16
bone,42,38
bony,16,14
damage,34,31
avoid,11,10
alcohol,105,92
pharmacological,8,7
review,79,73
growing,10,9
obvious,26,25
plasma,32,7
attack,15,12
basilar,11,6
tomography,8,6
basilic,5,4
dipyridamole,11,8
syringe,5,4
dexamethasone,9,5
edema,59,56
bros,9,7
controlled,67,59
flexure,12,11
cystic,19,18
instead,10,9
70_30,5,3
btes,6,5
chronically,8,7
precautions,29,27
contacted,29,28
neurology,8,7
committee,15,14
veins,13,11
allergies,25,24
complains,12,10
complaint,14,13
bulb,16,15
combat,8,6
attend,6,5
technician,5,4
deficient,5,2
reveals,13,9
point,40,30
posting,8,7
postive,5,4
plavix,36,31
movements,20,16
elected,49,47
sedation,61,51
offered,57,56
06_00,5,3
fibrillation____427_31_,9,8
61_year_old,20,19
vaccinated,15,14
possibility,18,16
diabetic,77,63
diabetes,129,118
profile,18,15
polyp,153,113
neurologic,14,13
sleeps,5,4
specific,40,35
schizophrenia,34,28
presumed,9,8
mediastinal,29,25
therapeutic,256,244
rupture,6,5
combined,11,10
verge,7,6
department,12,11
prostate,146,117
mediastinum,6,5
facility,15,10
persantine,6,5
underwent,102,89
aquasil,5,4
tylenol,7,6
placement,86,79
mondays,7,4
cabg,88,79
weakness,42,38
came,28,21
call,72,66
calf,21,16
cane,6,5
cast,6,4
case,43,40
card,8,6
care,205,166
cath,39,35
cava,20,17
increase,91,63
awake,10,8
fundoplication,6,4
poses,5,3
column,5,4
1_4mg,8,7
post_op,27,26
reviewed,129,123
ports,7,6
baseline,60,52
aware,41,37
independently,12,11
ascites,56,53
1_5mg,5,4
length,24,22
retinopathy,22,19
pouch,6,3
ejection,116,107
gradually,10,9
cell,97,80
atrium,102,55
720mg,6,5
cesi,5,2
placed,136,114
atrial,1143,1089
power,14,13
correct,38,28
considered,23,22
delivered,10,8
fiber,24,13
m_mode,19,14
opioids,6,4
chem,5,4
chew,7,6
chin,8,6
hypertriglyceridemia,5,4
fluoroscopic,5,4
rosuvastatin,8,7
city,11,8
telephone,53,51
inhibitor,6,4
fifth,13,11
pharynx,5,4
radial,5,4
barretts,7,6
clip,6,5
clot,23,20
donepezil,7,4
field,9,7
pressure,134,116
cirrhosis,40,37
proteinuria,8,6
2_5_3_5_,7,6
referred,141,135
encephalopathy,11,6
manufacturer,10,9
unexplained,8,7
dissected,6,1
cnvm,8,7
code,15,14
tuesdays,5,2
colo,5,3
coll,5,1
cold,51,34
cont,15,14
comp,7,6
come,15,14
copd,86,76
copy,58,57
referral,37,32
cort,5,4
cord,47,41
core,6,4
recovery,20,18
independent,12,10
urogram,5,4
cpap,36,27
preauricular,6,5
1_hypertension,5,4
cprs,18,14
request,63,58
insulin,189,96
flexion,9,5
crcs,5,4
crcl,9,8
thinning,9,6
target,112,109
plaque,11,7
interactions,45,31
films,13,12
missing,10,9
desired,87,83
desires,11,10
thickened,29,24
complicated,19,16
cues,9,5
cuff,30,23
cure,6,5
identifiable,5,4
cusp,5,3
hematochezia,44,42
cvas,5,4
retina,6,3
allowed,5,4
staying,5,4
older,25,24
relieved,7,6
hr_55,5,4
hr_50,7,6
familiar,5,4
79_year_old,6,5
suboptimal,13,11
hr_60,6,5
cxed,7,3
naltrexone,5,2
sustained,23,20
oncology,7,5
preserved,26,23
refills,38,11
cyst,35,24
issu_01_28_12,6,1
advise,9,7
self_control,8,7
first,79,72
laminectomy,6,5
interphalangeal,5,3
radical,13,11
fluconazole,5,3
daily,383,256
however,169,144
restrictions,6,5
remission,24,18
maintenance,16,15
withdrawal,19,17
fixed,11,10
checked,19,17
circumflex,12,10
zoloft,5,4
recently,95,90
notified,8,7
behavior,22,20
minimize,6,5
imminent,9,8
osteoarthritis,34,31
flutter,140,138
trouble,17,16
mitral,196,137
ureteroscopy,5,4
vascular,83,78
dark,54,29
date,209,146
data,31,25
ulcerative,15,14
days,235,162
ulceration,10,7
centimeters,5,2
humerus,9,4
flexible,19,18
amenable,8,6
bovine,5,4
dccv,12,11
return,72,67
statements,5,4
louder,5,1
infarct,15,14
deal,6,5
decr,5,4
deep,51,46
derm,5,3
wished,35,33
wishes,34,31
desk,5,3
olson,5,1
actual,7,6
non_healing,8,7
anticoagulants,22,21
dates,6,5
planned,42,33
dated,54,53
thomas,5,4
concerns,32,29
cephalic,7,5
cephalad,5,3
davis,6,5
section,17,16
died,9,6
diet,96,79
david,7,4
supplement,12,7
disk,9,7
disc,43,29
concepts,5,3
axial,12,9
2013_07_10,25,1
hydromorphone,31,24
uterine,7,6
malignancy,65,51
pharyngeal,51,35
plantar,12,8
enlarging,25,22
trazodone,29,28
intolerance,8,7
tissue,75,67
dressing,17,14
nodular,15,14
nodules,24,22
stopped,23,22
quiet,12,10
function,378,285
quite,18,15
doctor,16,12
particular,6,5
done,113,102
intravenous,20,16
dopp,5,4
dose,681,403
nstemi,30,27
unremarkable,33,26
thorax,8,7
cataract,95,75
draw,9,6
8_19_2014,6,5
drip,12,8
drop,23,20
drug,140,106
discuss,21,19
colostomy,14,10
monday,17,16
attending,53,51
psyllium,21,13
adverse,74,67
solving,8,6
dual,8,7
anticoagulated,7,6
duct,12,9
duke,6,3
always,13,12
duty,5,4
midazolam,8,4
toenail,7,6
dvts,29,27
bupropion,5,4
stents,30,25
require,13,12
erosion,7,6
incident,27,26
concern,41,38
formal,6,5
glaucoma,36,33
admitted,83,74
lactulose,9,2
snomed,6,4
running,7,6
disturbance,12,11
constipated,5,4
former,10,9
docusate,63,61
heterozygous,5,4
weekly,20,14
57117_1305,6,1
deficits,51,33
testosterone,10,9
arthralgia,13,9
illness,24,18
endometrial,6,4
replacement,125,115
acuity,44,42
alternatives,132,127
e_g_,25,21
resolving,11,9
transmetatarsal,6,4
focused,9,8
niddm,14,13
multivitamin,23,22
initiation,25,24
limited,110,97
hemodynamically,7,6
status_post,5,4
night,47,43
meals,14,13
ears,29,26
eats,11,6
recognition,15,12
goals,21,19
outlining,5,4
practitioner,15,12
mucous,6,5
indicated,130,99
indicates,18,16
mucosa,28,24
echo,69,61
congenital,6,4
cockroft_gault,5,4
psychomotor,7,6
residual,22,21
interventional,6,5
conservative,47,45
persist,6,5
cerebral,14,12
capsule,34,24
endorse,6,5
meets,10,9
prognosis,23,21
setting,26,22
earmolds,15,10
interventions,16,15
label,12,11
stratification,8,7
choking,10,9
endoscopic,16,15
longstanding,13,12
hygiene,33,31
sessions,8,4
specimen,18,15
further,134,97
going,17,16
contents,8,7
common,40,36
interest,6,5
formula,5,4
hydrocodone,5,4
walking,15,14
exception,9,8
branch,14,12
cerumen,17,13
lowest,7,6
elev,6,2
600mg,20,14
arteries,15,13
arterial,37,33
tamsulosin,12,11
55_year_old,12,11
obtained,244,216
ideally,5,4
calculi,9,7
ends,5,4
steady,6,5
disease,940,861
superficial,24,23
reflect,5,4
lumbar,70,54
aggressive,7,4
drained,9,8
visuospatial,7,6
abnormality,35,31
aneurysm,50,38
comply,9,8
transient,12,11
pectoris,6,5
aggression,22,19
orders,17,16
ercp,11,7
re_inforced,5,4
saturdays,6,3
calcium,27,23
prostatectomy,12,11
preop,22,20
danger,6,5
resident,16,14
believe,7,6
nafcillin,6,3
esld,6,4
esrd,14,12
etc_,11,9
bothersome,8,7
etoh,39,34
aspart,57,44
local_poc,21,1
decompression,13,10
metal,14,13
hematocrit,9,7
gastrointestinal,17,13
component,11,10
eval,36,34
ever,14,13
even,49,47
pathologic,7,6
catheterization,56,53
excision,52,43
prior,332,285
80_99_,8,4
coming,7,6
requests,10,9
interact,9,8
exam,161,138
aspect,18,15
intubated,13,12
laser,21,11
craving,7,6
pancreatic,20,16
swallowing,40,28
clinics,8,7
eyes,23,18
large,93,85
preferred,10,9
prescription,31,26
anesthesiologist,6,5
palpation,5,4
probe,10,9
contracture,8,7
icd_9_cm,139,28
therapy,208,179
wednesday,11,10
latex,9,8
later,15,14
madison,5,4
interval,12,10
subsequently,26,24
excised,16,11
voiding,21,17
individually,5,4
financial,10,8
strategy,10,7
expected,42,40
erectile,30,29
reduction,53,26
relapse,6,4
numerous,9,8
footwear,7,6
history,978,840
active,348,98
dermatochalasis,5,2
action,26,22
fact,11,10
face,18,13
resection,67,62
fair,23,22
fall,43,39
fang,6,5
74_year_old,7,6
fast,5,4
oxybutynin,7,6
relates,5,4
related,86,75
interesting,5,4
diltiazem,16,12
poorly,22,19
considering,9,8
integrity,5,4
calcifications,7,5
750mg,5,3
feet,27,22
feel,28,23
clinician,7,6
fell,14,13
1_25mg,5,4
tobacco,21,20
felt,38,34
internal,75,67
fev1,15,10
capture,5,4
deployed,6,5
onset,67,62
flank,16,13
fractures,9,8
themself,15,7
microbeads,7,4
exercises,13,10
location,21,20
functions,9,7
joints,15,11
program,48,40
january,16,14
fine,7,6
find,6,5
film,23,20
fill,35,33
processes,7,6
processed,9,8
firm,5,3
overlying,5,4
subjective,9,7
axillary,10,9
1_2012,6,3
timeout,7,5
select,5,2
flat,12,10
flap,21,14
suggest,42,37
flex,13,12
